code,name,time,price,prev_price,price_change,price_change_pct,next_price,next_change,volume,direction,is_true_fat_finger
110085,通22转债,2020,120.90769226387594,141.9574142972817,-0.14828194876334,-14.83%,142.22852915057376,17.63%,456338,down,True
110085,通22转债,2021,142.22852915057376,120.90769226387594,0.1763397885402196,17.63%,141.37434584595644,-0.60%,826099,up,False
110085,通22转债,2178,121.00743573825882,140.42757714218385,-0.1382929321942371,-13.83%,140.47626642837653,16.09%,726266,down,True
127045,牧原转债,2020,120.90769226387594,141.9574142972817,-0.14828194876334,-14.83%,142.22852915057376,17.63%,456338,down,True
127045,牧原转债,2021,142.22852915057376,120.90769226387594,0.1763397885402196,17.63%,141.37434584595644,-0.60%,826099,up,False
127045,牧原转债,2178,121.00743573825882,140.42757714218385,-0.1382929321942371,-13.83%,140.47626642837653,16.09%,726266,down,True
128136,立讯转债,2020,103.60325921821496,121.6403234236814,-0.14828194876334,-14.83%,121.87263604083256,17.63%,456338,down,True
128136,立讯转债,2021,121.87263604083256,103.60325921821496,0.1763397885402198,17.63%,121.14070432771209,-0.60%,826099,up,False
128136,立讯转债,2178,103.6887273041434,120.32943813281553,-0.13829293219423733,-13.83%,120.37115895838184,16.09%,726266,down,True
