代码,名称,现价,正股代码,正股名称,规模,剩余规模,转股起始日,最后交易日,到期日,转股价,强赎触发比,强赎触发价,正股价,强赎价,强赎天计数,强赎条款,强赎状态
113654,永02转债,124.686,603901,永创智能,6.105,1.801,2023-02-10,2026-05-07,2028-08-04,9.77,130,12.701,12.21,101.159,8/15 | 30,如果公司A股股票连续30个交易日中至少有15个交易日的收盘价格不低于当期转股价格的130%（含 130%）,已公告强赎
123256,恒帅转债,186.199,300969,恒帅股份,3.28,1.633,2025-12-05,2026-05-07,2031-05-29,62.55,130,81.315,116.67,100.191,23/15 | 30,如果公司股票连续三十个交易日中至少有十五个交易日的收盘价格不低于当期转股价格的 130%（含130%）,已公告强赎
113618,美诺转债,280.303,603538,美诺华,5.2,0.964,2021-07-20,2026-04-29,2027-01-14,21.28,130,27.664,60.12,100.625,26/15 | 30,如果公司股票在任何连续三十个交易日中至少十五个交 易日的收盘价格不低于当期转股价格的 130%(含 130%),已公告强赎
128141,旺能转债,127.59,002034,旺能环境,14.0,5.151,2021-06-23,2026-05-14,2026-12-17,13.98,130,18.174,17.86,100.844,12/15 | 30,如果公司 A 股股票连续三十个交易日中至少有十五个交易日的收盘价格不低于当期转股价格的130%(含 130%),已公告强赎
123236,家联转债,151.67,301193,家联科技,7.5,2.571,2024-06-28,2026-05-22,2029-12-22,15.33,130,19.929,23.4,100.344,21/15 | 30,如果公司股票在任意连续三十个交易日中至少十五个交易日的收盘价格不低于当期转股价格的 130%（含 130%）,已公告强赎
123129,锦鸡转债,134.145,300798,锦鸡股份,6.0,1.442,2022-05-10,2026-04-30,2027-11-04,7.92,120,9.504,10.68,101.18,24/20 | 30,如果公司 A 股股票连续三十个交易日中至少有二十个交易日的收盘价不低于当期转股价格的 120%(含 120%),已公告强赎
123085,万顺转2,180.064,300057,万顺新材,9.0,2.112,2021-06-17,2026-05-12,2026-12-11,4.99,130,6.487,9.01,100.87,21/15 | 30,如果公司股票连续三十个交易日中至少有十五个交易日的收盘价不低于当期转股价格的130%(含130%),已公告强赎
118003,华兴转债,224.945,688001,华兴源创,8.0,4.063,2022-06-06,,2027-11-29,26.22,130,34.086,58.86,,17/15 | 30,如果公司A股股票连续三十个交易日中至少有十五个交易日的收盘价不低于当期转股价格的 130%(含 130%),公告要强赎
118004,博瑞转债,172.437,688166,博瑞医药,4.65,3.431,2022-07-11,,2028-01-04,34.74,130,45.162,60.18,,16/15 | 30,如果公司股票连续三十个交易日中至少有十五个交易日的收盘价不低于当期转股价格的 130%（含 130%）,公告要强赎
111013,新港转债,133.299,605162,新中港,3.691,2.611,2023-09-14,,2029-03-08,8.67,130,11.271,11.52,,20/15 | 30,如果公司 A 股股票连续 30 个交易日中至少有 15 个交易日的收盘价格不低于当期转股价格的 130%,公告要强赎
128108,蓝帆转债,108.008,002382,蓝帆医疗,31.44,15.201,2020-12-03,2026-05-22,2026-05-28,7.95,130,10.335,7.52,,"临近到期 <span style=""color:red;font-weight:bold;"">!</span><br>2026-05-22 最后交易",如果公司股票在任何连续三十个交易日中至少十五个交易日的 收盘价格不低于当期转股价格的130%(含130%),已公告强赎
127017,万青转债,112.773,000789,万年青,10.0,9.995,2020-12-09,2026-05-28,2026-06-03,8.53,130,11.089,4.96,,"临近到期 <span style=""color:red;font-weight:bold;"">!</span><br>2026-05-28 最后交易",如果公司股票在任何连续三十个交易日中至少十五个交易日的收盘价格不低于当期转股价格的130%(含130%),已公告强赎
113584,家悦转债,109.824,603708,家家悦,6.45,6.448,2020-12-14,2026-06-01,2026-06-05,12.45,130,16.185,10.78,,"临近到期 <span style=""color:red;font-weight:bold;"">!</span><br>2026-06-01 最后交易",如果公司股票在任何连续三十个交易日中至少十五个交易 日的收盘价格不低于当期转股价格的 130%(含 130%),已公告强赎
127103,东南转债,158.0,002135,东南网架,20.0,19.999,2024-07-09,,2030-01-03,5.6,130,7.28,7.5,,15/15 | 30,如果公司 A 股股票连续三十个交易日中至少有十五个交易日的收盘价格不低于当期转股价格的 130%（含 130%）,已满足强赎条件
123255,鼎龙转债,270.5,300054,鼎龙股份,9.1,9.096,2025-10-09,,2031-04-02,28.48,130,37.024,59.2,,15/15 | 30,如果公司股票在任何连续三十个交易日中至少十五个交易日的收盘价格不低于当期转股价格的 130%（含 130%）；,已满足强赎条件
118056,路维转债,244.282,688401,路维光电,6.15,6.145,2025-12-17,,2031-06-11,32.7,130,42.51,64.2,,14/15 | 30,如果公司股票连续三十个交易日中至少有十五个交易日的收盘价不低于当期转股价格的 130%,
111005,富春转债,146.504,605189,富春染织,5.7,5.298,2022-12-29,,2028-06-23,11.98,130,15.574,17.42,,14/15 | 30,如果公司股票连续三十个交易日中至少有十五个交易日的收盘价格不低于当期转股价格的 130%（含 130%）,
113640,苏利转债,136.247,603585,苏利股份,9.572,7.39,2022-08-22,,2028-02-16,17.2,130,22.36,19.42,,14/15 | 30,如果公司股票连续三十个交易日中至少有十五个交易日的收盘价格不低于当期转股价格的 130%（含 130%）。,
127024,盈峰转债,191.0,000967,盈峰环境,14.762,9.047,2021-05-10,,2026-11-04,7.67,130,9.971,14.18,,13/15 | 30,如果公司A股股票连续三十个交易日中至少有十五个交易日的收盘价格不低于当期转股价格的130%(含130%),
123187,超达转债,203.5,301186,超达装备,4.69,2.273,2023-10-11,,2029-04-04,30.98,130,40.274,63.23,,13/15 | 30,如果公司股票在任意连续三十个交易日中至少有十五个交易日的收盘价格不低于当期转股价格的130%（含）,
113048,晶科转债,155.102,601778,晶科科技,30.0,15.872,2021-10-29,,2027-04-23,4.5,130,5.85,7.12,,12/15 | 30,如果公司A股股票连续三十个交易日中至少有十五个交易日的收盘价格不低于当期转股价格的130%(含130%),
123241,欧通转债,880.53,300870,欧陆通,6.445,2.605,2025-01-13,,2030-07-05,43.43,130,56.459,378.41,,11/15 | 30,如果公司股票在任何连续三十个交易日中至少十五个交易日的收盘价格不低于当期转股价格的 130%（含 130%）；,
127109,电化转债,148.781,002125,湘潭电化,4.87,4.867,2025-12-22,,2031-06-16,10.1,130,13.13,14.16,,11/15 | 30,当公司股票在任何连续三十个交易日中至少有十五个交易日的收盘价格不低于当期转股价格的 130%（含 130%）,
123054,思特转债,136.97,300608,思特奇,2.71,1.667,2020-12-16,,2026-06-10,9.88,130,12.844,13.28,,11/15 | 30,如果公司股票连续三十个交 易日中至少有十五个交易日的收盘价格不低于当期转股价格的130%(含130%),
127047,帝欧转债,146.998,002798,帝欧水华,15.0,5.865,2022-04-29,,2027-10-25,5.1,130,6.63,7.59,,10/15 | 30,如果公司股票连续 30 个交易日中至少有 15 个交易日的收盘价格不低于当期转股价格的 130%(含 130%),
123126,瑞丰转债,167.6,300243,瑞丰高材,3.4,3.323,2022-03-16,,2027-09-10,11.64,130,15.132,19.72,,11/15 | 30,如果公司股票在任何连续三十个交易日中至少有十五个交易日的收盘价格不低于当期转股价格的 130%(含 130%）,
123121,帝尔转债,159.005,300776,帝尔激光,8.4,8.292,2022-02-11,,2027-08-05,73.56,130,95.628,109.4,,8/15 | 30,如果公司股票在连续三十个交易日中至少十五个交易日的收盘价格不低于当期转股价格的 130%(含 130%),
127066,科利转债,139.299,002850,科达利,15.344,15.34,2023-01-16,,2028-07-08,148.7,130,193.31,191.25,,8/15 | 30,如果公司股票在任意连续三十个交易日中至少有十五个交易日的收盘价格不低于当期转股价格的130%（含130%）,
118033,华特转债,254.545,688268,华特气体,6.46,6.051,2023-09-27,,2029-03-21,82.75,130,107.575,208.27,,6/15 | 30,如果公司股票在连续三十个交易日中至少十五个交易日的收盘价格不低于当期转股价格的 130%（含 130%）,
123225,翔丰转债,152.499,300890,翔丰华,8.0,5.671,2024-04-16,,2029-10-10,27.44,130,35.672,40.33,,5/15 | 30,如果公司股票在任意连续三十个交易日中至少十五个交易日的收盘价格不低于当期转股价格的 130%（含 130%）,
113051,节能转债,151.923,601016,节能风电,30.0,26.52,2021-12-27,,2027-06-21,3.33,130,4.329,4.73,,14/15 | 30,如果公司股票在任何连续三十个交易日中至少十五个交易日的收盘价格不低于当期转股价格的130%(含 130%),
127026,超声转债,138.989,000823,超声电子,7.0,6.995,2021-06-15,,2026-12-08,12.22,130,15.886,15.28,,5/15 | 30,如果公司股票连续三十个交易日中至少有十五个交易日的收盘价格不低于当期转股价格的130%(含130%),
123258,胜蓝转02,175.22,300843,胜蓝股份,4.5,4.499,2026-03-03,,2031-08-28,54.46,130,70.798,72.27,,3/15 | 30,如果公司股票连续三十个交易日中至少有十五个交易日的收盘价格不低于当期转股价格的 130%（含 130%）,
118041,星球转债,158.311,688633,星球石墨,6.2,6.198,2024-02-05,,2029-07-31,23.14,130,30.082,34.6,,3/15 | 30,如果公司股票在任意连续三十个交易日中至少有十五个交易日的收盘价格不低于当期转股价格的 130%（含 130%）；,
123259,锦浪转02,169.32,300763,锦浪科技,16.766,16.764,2026-04-23,,2031-10-17,72.55,130,94.315,86.37,,2/15 | 30,如果公司股票连续 30 个交易日中至少有 15 个交易日的收盘价格不低于当期转股价格的 130%（含 130%）,
128128,齐翔转2,134.41,002408,齐翔腾达,29.9,6.792,2021-02-26,,2026-08-20,5.37,130,6.981,6.68,,2/15 | 30,如果公司股票在任何连续三十个交易日中至少十五个交易日的收盘价格不低于当期转股价格的 130%(含 130%),
113597,佳力转债,136.748,603912,佳力图,3.0,2.97,2021-02-05,,2026-07-30,8.68,130,11.284,10.13,,2/15 | 30,如果公司A股股票连续三十个交易日中至少有十五个交易日的收盘价格高于当期转股价格的130%(含 130%),
123091,长海转债,147.326,300196,长海股份,5.5,5.497,2021-06-29,,2026-12-23,15.34,130,19.942,19.47,,2/15 | 30,如果公司A股股票连续三十个交易日中至少有十五个交易日的收盘价格不低于当期转股价格的 130%(含 130%),
111022,锡振转债,159.373,605319,无锡振华,5.2,5.197,2025-12-24,,2031-06-18,22.64,130,29.432,26.9,,1/15 | 30,如果公司股票连续三十个交易日中至少有十五个交易日的收盘价格不低于当期转股价格的 130%（含130%）,
127090,兴瑞转债,157.5,002937,兴瑞科技,4.62,4.616,2024-01-29,,2029-07-24,25.5,130,33.15,32.47,,1/15 | 30,如果公司股票连续三十个交易日中至少有十五个交易日的收盘价格不低于当期转股价格的 130%（含 130%）,
118057,甬矽转债,179.634,688362,甬矽电子,11.65,11.648,2026-01-05,,2031-06-26,28.36,130,36.868,47.6,,1/15 | 30,如果公司股票在连续三十个交易日中至少十五个交易日的收盘价格不低于当期转股价格的 130%（含 130%）,
123149,通裕转债,138.404,300185,通裕重工,14.847,11.069,2022-12-26,,2028-06-20,2.71,130,3.523,3.14,,10/15 | 30,如果公司股票在任意连续三十个交易日中至少十五个交易日的收盘价格不低于当期转股价格的 130%（含 130%）；,
113661,福22转债,140.515,603806,福斯特,30.3,30.297,2023-05-29,,2028-11-22,14.74,130,19.162,18.59,,3/15 | 30,如果公司股票在任何连续三十个交易日中至少有十五个交易日的收盘价格不低于当期转股价格的 130%（含 130%）；,
123059,银信转债,133.311,300231,银信科技,3.914,1.569,2021-01-21,,2026-07-15,9.15,130,11.895,10.67,,8/15 | 30,如果公司股票在任何连续三十个交易日中至少十五个交易日的收盘价格不低于当期转股价格的 130%(含 130%),
123092,天壕转债,137.35,300332,天壕能源,4.23,3.417,2021-06-30,,2026-12-24,4.98,130,6.474,5.79,,8/15 | 30,如果公司A股股票在任意连续三十个交易日中至少十五个交易日的收盘价格不低于当期转股价格的 130%(含 130%),
123155,中陆转债,140.55,301040,中环海陆,3.6,3.6,2023-02-20,,2028-08-12,31.76,130,41.288,31.48,,1/15 | 30,如果公司股票在连续三十个交易日中至少十五个交易日的收盘价格不低于当期转股价格的 130%（含 130%）,
118034,晶能转债,125.244,688223,晶科能源,100.0,83.22,2023-10-26,,2029-04-20,6.35,120,7.62,6.22,,2/15 | 30,在本次发行的可转换公司债券转股期内，如果公司A股股票连续三十个交易日中至少有十五个交易日的收盘价不低于当期转股价格的120%（含）,
110087,天业转债,136.88,600075,新疆天业,30.0,29.975,2022-12-29,,2028-06-23,5.6,130,7.28,7.0,,6/15 | 30,如果公司股票在任何连续三十个交易日中至少十五个交易日的收盘价格不低于当期转股价格的 130%（含 130%）,
123113,仙乐转债,119.546,300791,仙乐健康,10.249,10.248,2021-10-25,,2027-04-19,31.79,130,41.327,19.1,,0/20 | 30,如果公司股票连续三十个交易日中至少有二十个交易日的收盘价不低于当期转股价格的130%(含130%),
123114,三角转债,140.38,300775,三角防务,9.044,8.999,2021-11-30,,2027-05-25,31.39,130,40.807,30.09,,0/20 | 30,如果公司股票连续三十个交易日中至少有二十个交易日的收盘价格不低于当期转股价格的130%(含130%),
113589,天创转债,195.767,603608,天创时尚,6.0,0.663,2021-01-04,,2026-06-24,12.29,130,15.977,13.04,,0/20 | 30,如果公司A股股票连续三十个交易日中至少有二十个交易日的收盘价不低于当期转股价格的130%(含 130%),
123157,科蓝转债,137.881,300663,科蓝软件,4.946,2.34,2023-03-06,,2028-08-30,16.01,130,20.813,12.35,,0/15 | 30,如果公司 A 股股票在任意连续三十个交易日中至少十五个交易日的收盘价格不低于当期转股价格的 130%（含 130%）；,
123194,百洋转债,136.249,301015,百洋医药,8.6,8.459,2023-10-20,,2029-04-14,25.36,130,32.968,24.13,,0/15 | 30,如果公司股票连续三十个交易日中至少有十五个交易日的收盘价格不低于当期转股价格的 130%（含 130%）；,
123154,火星转债,125.888,300894,火星人,5.29,5.289,2023-02-13,,2028-08-05,33.03,130,42.939,10.43,,0/15 | 30,如果公司 A 股股票在任意连续三十个交易日中至少十五个交易日的收盘价格不低于当期转股价格的 130%（含 130%）,
123172,漱玉转债,133.121,301017,漱玉平民,8.0,7.96,2023-06-21,,2028-12-15,14.95,130,19.435,13.69,,0/15 | 30,如果公司股票在任何连续三十个交易日中至少十五个交易日的收盘价格不低于当期转股价格的 130%（含 130%）,
123173,恒锋转债,135.3,300605,恒锋信息,2.424,2.331,2023-07-06,,2028-12-30,13.77,130,17.901,12.64,,0/15 | 30,如果公司股票连续三十个交易日中至少有十五个交易日的收盘价不低于当期转股价格的 130%（含 130%）,
123183,海顺转债,142.541,300501,海顺新材,6.33,6.329,2023-10-09,,2029-03-23,11.63,130,15.119,13.5,,0/15 | 30,如果公司股票在任何连续三十个交易日中至少十五个交易日的收盘价格不低于当期转股价格的130%（含）,
123175,百畅转债,120.878,300614,百川畅银,4.2,4.199,2023-08-28,,2029-02-22,20.4,130,26.52,13.71,,0/15 | 30,如果公司股票在任意连续三十个交易日中至少十五个交易日的收盘价格不低于当期转股价格的 130%（含 130%）,
123178,花园转债,136.922,300401,花园生物,12.0,11.731,2023-09-11,,2029-03-06,13.45,130,17.485,13.15,,0/15 | 30,公司股票任何连续三十个交易日中至少十五个交易日的收盘价格不低于当期转股价格的130%（含）,
123179,立高转债,124.499,300973,立高食品,9.5,9.499,2023-09-13,,2029-03-07,95.13,130,123.669,29.82,,0/15 | 30,如果公司股票在任意连续三十个交易日中至少十五个交易日的收盘价格不低于当期转股价格的130%（含）,
123180,浙矿转债,137.655,300837,浙矿股份,3.2,3.197,2023-09-15,,2029-03-09,47.89,130,62.257,33.29,,0/15 | 30,如果公司 A 股股票在任意连续三十个交易日中至少十五个交易日的收盘价格不低于当期转股价格的130%（含）,
123171,共同转债,134.011,300966,共同药业,3.8,3.799,2023-06-02,,2028-11-28,27.12,130,35.256,23.73,,0/15 | 30,如果公司股票在任意连续三十个交易日中至少十五个交易日的收盘价格不低于当期转股价格的 130%（含 130%）,
123193,海能转债,131.006,300787,海能实业,6.0,5.997,2023-10-19,,2029-04-13,14.7,130,19.11,10.52,,0/15 | 30,如果公司股票在任何连续三十个交易日中至少有十五个交易日的收盘价格不低于当期转股价格的 130%（含130%）,
123192,科思转债,133.844,300856,科思股份,7.249,7.187,2023-10-19,,2029-04-13,17.39,130,22.607,14.15,,0/15 | 30,如果公司股票在任何连续三十个交易日中至少十五个交易日的收盘价格不低于当期转股价格的 130%（含 130%）,
123168,惠云转债,132.369,300891,惠云钛业,4.9,4.899,2023-05-29,,2028-11-23,10.74,130,13.962,8.58,,0/15 | 30,如果公司股票连续三十个交易日中至少有十五个交易日的收盘价格不低于当期转股价格的 130%（含 130%）,
123189,晓鸣转债,133.546,300967,晓鸣股份,3.29,3.287,2023-10-12,,2029-04-06,19.34,130,25.142,16.57,,0/15 | 30,在本次可转债转股期内，如果公司股票连续三十个交易日中至少有十五个交易日的收盘价格不低于当期转股价格的130%（含）,
123165,回天转债,130.795,300041,回天新材,8.5,8.497,2023-05-04,,2028-10-27,15.2,130,19.76,11.28,,0/15 | 30,如果公司股票连续三十个交易日中至少有十五个交易日的收盘价格不低于当期转股价格的 130%（含 130%）,
132026,G三峡EB2,132.591,600900,长江电力,100.0,95.659,2023-06-02,,2027-06-01,21.99,130,28.587,26.73,,0/15 | 30,在本期可交换债换股期内，如果长江电力 A 股股票连续三十个交易日中至少有十五个交易日的收盘价格不低于当期换股价格的 130%（含 130%），公司有权按照本期可交换债面值加当期应计利息的价格赎回全部未换股的本期可交换债。,
123088,威唐转债,134.775,300707,威唐工业,3.014,3.004,2021-06-21,,2026-12-15,14.96,130,19.448,14.97,,0/15 | 30,如果公司A股股票在连续三十个交易日内至少有十五个交易日的收盘价不低于当期转股价格的130%(含 130%),
404004,汇车退债,58.06,400245,汇车5,33.7,12.641,2021-02-24,,2026-08-18,0.1,130,0.13,0.08,,0/15 | 30,如果公司股票在任何连续三十个交易日中至少十五个交易日 的收盘价格不低于当期转股价格的130%(含130%),
123090,三诺转债,114.995,300298,三诺生物,5.0,4.984,2021-06-25,,2026-12-21,34.46,130,44.798,16.91,,0/15 | 30,如果公司A股股票在任意连续三十个交易日中至少十五个 交易日的收盘价格不低于当期转股价格的 130%(含 130%),
123104,卫宁转债,131.396,300253,卫宁健康,9.703,9.699,2021-09-22,,2027-03-16,9.44,130,12.272,8.4,,0/15 | 30,如果公司股票在任意连续三十个交易日中至少十五个交易日的收盘价格不低于当期转股价格的130%(含130%),
123107,温氏转债,128.315,300498,温氏股份,92.97,77.064,2021-10-08,,2027-03-29,16.29,130,21.177,15.73,,0/15 | 30,如果公司股票连续三十个交易日中至少有十五个交易日的收盘价格不低于当期转股价格的 130%(含 130%),
110073,国投转债,106.971,600061,国投资本,80.0,79.991,2021-02-01,,2026-07-24,9.42,130,12.246,6.51,,0/15 | 30,如果公司股票在任何连续三十个交易日中至少有十五个交易日的收盘价格不低于当期转股价格的 130%(含 130%),
123076,强力转债,136.342,300429,强力新材,8.5,5.573,2021-05-25,,2026-11-19,12.7,130,16.51,14.18,,0/15 | 30,如果公司股票在任何连续三十个交易日中至少十五个交易日的收盘价格不低于当期转股价格的 130%(含 130%),
123064,万孚转债,115.341,300482,万孚生物,6.0,5.977,2021-03-08,,2026-09-01,21.1,130,27.43,18.65,,0/15 | 30,在转股期内，如果公司股票在任意连续三十个交易日中至少十五个交易日的收盘价格不低于当期转股价格的 130%（含 130%）；,
123061,航新转债,133.491,300424,航新科技,2.5,1.674,2021-01-28,,2026-07-22,14.82,130,19.266,18.03,,0/15 | 30,如果公司股票在任意连续三十个交易日中至少十五个交易日的收盘价格不低于当期转股价格的 130%(含 130%),
123065,宝莱转债,125.106,300246,宝莱特,2.19,2.18,2021-03-11,,2026-09-04,23.8,130,30.94,16.39,,0/15 | 30,如果公司股票在任何连续三十个交易日中至少十五个交易日的收盘价格不低于当期转股价格的130%(含130%),
123071,天能转债,121.35,300569,天能重工,7.0,6.937,2021-04-27,,2026-10-21,6.7,130,8.71,6.18,,0/15 | 30,如果公司股票在任何连续三十个交易日中至少十五个交易日的收盘价格不低于当期转股价格的130%(含130%),
123072,乐歌转债,124.8,300729,乐歌股份,1.42,1.418,2021-04-27,,2026-10-21,32.91,130,42.783,12.33,,0/15 | 30,如果公司股票在任意连续三十个交易日中至少十五个交易日的收盘价格不低于当期转股价格的130%(含 130%),
123109,昌红转债,130.615,300151,昌红科技,4.6,4.595,2021-10-08,,2027-04-01,26.72,130,34.736,17.5,,0/15 | 30,如果公司股票在任何连续三十个交易日中至少十五个交易日的收盘价格不低于当期转股价格的 130%(含 130%),
123112,万讯转债,136.47,300112,万讯自控,2.457,2.265,2021-10-14,,2027-04-08,8.3,130,10.79,8.11,,0/15 | 30,如果公司股票连续三十个交易日中至少有十 五个交易日的收盘价不低于当期转股价格的 130%(含 130%),
123144,裕兴转债,128.0,300305,裕兴股份,6.0,5.997,2022-10-17,,2028-04-11,8.5,130,11.05,6.51,,0/15 | 30,如果公司A 股股票连续三十个交易日中至少有十五个交易日的收盘价格不低于当期转股价格的130%（含130%）,
123142,申昊转债,132.58,300853,申昊科技,5.5,5.494,2022-09-26,,2028-03-18,33.71,130,43.823,31.5,,0/15 | 30,如果公司A股股票在任意连续三十个交易日中至少十五个交易日的收盘价格不低于当期转股价格的 130%（含 130%）,
123150,九强转债,134.39,300406,九强生物,11.39,11.21,2023-01-06,,2028-06-30,12.3,130,15.99,12.31,,0/15 | 30,如果公司股票连续三十个交易日中至少有十五个交易日的收盘价格不低于当期转股价格的 130%（含 130%）,
128142,新乳转债,133.9,002946,新乳业,7.18,7.179,2021-06-24,,2026-12-18,17.88,130,23.244,19.27,,0/15 | 30,如果公司 A 股股票连续三十个交易日中至少有十五个交易日的收盘价不低于当期转股价格的130%(含130%),
128138,侨银转债,132.09,002973,侨银股份,4.2,4.199,2021-05-24,,2026-11-17,14.64,130,19.032,12.69,,0/15 | 30,如果公司股票连续30个交易日中至少有15个交易日的收盘价格不低于当期转股价格的130%(含130%),
123138,丝路转债,134.485,300556,丝路视觉,2.4,2.393,2022-09-08,,2028-03-02,26.53,130,34.489,19.26,,0/15 | 30,如果公司股票在任何连续三十个交易日中至少十五个交易日的收盘价格不低于当期转股价格的130%（含130%）,
123133,佩蒂转债,133.101,300673,佩蒂股份,7.2,7.198,2022-06-28,,2027-12-22,17.58,130,22.854,15.67,,0/15 | 30,如果公司股票在任何连续三十个交易日中至少十五个交易日的收盘价格不低于当期转股价格的 130%(含 130%),
123119,康泰转2,129.241,300601,康泰生物,20.0,19.99,2022-01-21,,2027-07-15,15.73,130,20.449,14.16,,0/15 | 30,如果公司股票在任何连续30个交易日中至少15个交易日的收盘价格超过当期转股价格的130%(含 130%),
123117,健帆转债,125.131,300529,健帆生物,10.0,9.998,2021-12-29,,2027-06-23,38.65,130,50.245,19.23,,0/15 | 30,在转股期内，如果公司A股股票在任意连续三十个交易日中至少十五个交易日的收盘价格不低于当期转股价格的 130%(含 130%),
123122,富瀚转债,129.32,300613,富瀚微,5.812,5.801,2022-02-14,,2027-08-06,91.69,130,119.197,60.73,,0/15 | 30,如果公司股票在任意连续三十个交易日中至少有十五个交易日的收盘价格不低于当期转股价格的%(含 130%),
123124,晶瑞转2,140.302,300655,晶瑞电材,5.23,5.225,2022-02-21,,2027-08-16,16.69,130,21.697,14.67,,0/15 | 30,如果公司 A 股股票连续三十个交易日中至少有十五个交易日的收盘价不低于当期转股价格的 130%(含 130%),
123195,蓝晓转02,164.281,300487,蓝晓科技,5.461,5.458,2023-10-23,,2029-04-17,59.38,130,77.194,64.77,,0/15 | 30,如果公司股票在任何连续三十个交易日中至少十五个交易日的收盘价格不低于当期转股价格的130%（含130%）；,
123151,康医转债,122.3,300869,康泰医学,7.0,6.998,2023-01-09,,2028-07-01,27.55,130,35.815,12.6,,0/15 | 30,如果公司 A 股股票在任意连续三十个交易日中至少十五个交易日的收盘价格不低于当期转股价格的 130%（含 130%）,
128136,立讯转债,145.7,002475,立讯精密,30.0,29.983,2021-05-10,,2026-11-03,55.97,130,72.761,69.88,,0/15 | 30,如果公司股票在任何连续三十个交易日中至少有十五个交易日的收盘价格不低于当期转股价格的130%(含130%),
127068,顺博转债,128.034,002996,顺博合金,8.3,8.3,2023-02-20,,2028-08-12,11.27,130,14.651,7.43,,0/15 | 30,如果公司股票任意连续三十个交易日中至少有十五个交易日的收盘价格不低于当期转股价格的 130%,
127064,杭氧转债,156.7,002430,杭氧股份,11.37,11.364,2022-11-25,,2028-05-19,25.97,130,33.761,33.2,,0/15 | 30,如果公司 A 股股票连续 30 个交易日中至少有15 个交易日的收盘价格不低于当期转股价格的 130%（含 130%）,
127069,小熊转债,134.17,002959,小熊电器,5.36,5.041,2023-02-20,,2028-08-12,52.21,130,67.873,42.31,,0/15 | 30,如果公司股票在任何连续三十个交易日中至少有十五个交易日的收盘价格不低于当期转股价格的 130%（含 130%）；,
127072,博实转债,137.93,002698,博实股份,4.5,4.498,2023-03-28,,2028-09-22,15.06,130,19.578,12.82,,0/15 | 30,如果公司股票连续三十个交易日中至少有十五个交易日的收盘价不低于当期转股价格的 130%（含 130%）,
127083,山路转债,126.304,000498,山东路桥,48.36,48.359,2023-10-09,,2029-03-24,7.61,130,9.893,5.78,,0/15 | 30,如果公司股票在任意连续三十个交易日中至少十五个交易日的收盘价格不低于当期转股价格的130%（含）,
127080,声迅转债,163.427,003004,*ST声迅,2.8,2.793,2023-07-07,,2028-12-30,28.94,130,37.622,32.1,,0/15 | 30,如果公司股票在任何连续三十个交易日中至少十五个交易日的收盘价格不低于当期转股价格的 130%（含 130%）,
127062,垒知转债,130.03,002398,垒知集团,3.963,3.958,2022-10-27,,2028-04-21,7.59,130,9.867,4.9,,0/15 | 30,如果公司股票在任何连续三十个交易日中至少十五个交易日的收盘价格不低于当期转股价格的 130%（含 130%）,
127061,美锦转债,117.2,000723,美锦能源,35.9,27.89,2022-10-26,,2028-04-20,5.26,130,6.838,4.42,,0/15 | 30,如果公司A股股票连续三十个交易日中至少有十五个交易日的收盘价格不低于当期转股价格的 130%（含130%）,
127054,双箭转债,133.745,002381,双箭股份,5.136,5.136,2022-08-17,,2028-02-11,7.06,130,9.178,6.66,,0/15 | 30,"如果公司股票在任何连续三十个交易日中至少有十五个交易日的收盘价格不低于当期转股价格的 130%（含
130%）",
127050,麒麟转债,132.1,002984,森麒麟,21.989,20.86,2022-05-17,,2027-11-11,19.36,130,25.168,17.82,,0/15 | 30,如果公司股票连续 30 个交易日中至 少有 15 个交易日的收盘价格不低于当期转股价格的 130%(含 130%),
127056,中特转债,127.41,000708,中信特钢,50.0,49.996,2022-09-05,,2028-02-25,22.23,130,28.899,15.38,,0/15 | 30,如果公司股票在任意连续三十个交易日中至少十五个交易日的收盘价格不低于当期转股价格的 130%（含 130%）,
127059,永东转2,134.694,002753,永东股份,3.8,3.791,2022-10-14,,2028-04-08,8.16,130,10.608,7.32,,0/15 | 30,如果公司A股股票连续三十个交易日中至少有十五个交易日的收盘价格不低于当期转股价格的 130%（含 130%）；,
127060,湘佳转债,123.96,002982,湘佳股份,6.4,6.399,2022-10-25,,2028-04-19,21.13,130,27.469,14.12,,0/15 | 30,如果公司股票连续三十个交易日中至少有十五个交易日的收盘价不低于当期转股价格的 130%（含 130%）；,
127085,韵达转债,125.75,002120,韵达股份,24.5,24.499,2023-10-17,,2029-04-11,11.73,130,15.249,7.91,,0/15 | 30,如果公司股票在任何连续三十个交易日中至少有十五个交易日的收盘价格不低于当期转股价格的 130%（含130%）,
127089,晶澳转债,126.059,002459,晶澳科技,89.603,89.588,2024-01-24,,2029-07-18,11.66,130,15.158,10.55,,0/15 | 30,公司股票连续三十个交易日中至少有十五个交易日的收盘价格不低于当期转股价格的 130%（含 130%）；,
127108,太能转债,134.85,000591,太阳能,29.5,29.498,2025-10-09,,2031-03-28,5.55,130,7.215,5.16,,0/15 | 30,公司股票连续三十个交易日中至少有十五个交易日的收盘价不低于当期转股价格的 130%（含 130%）,
127105,龙星转债,139.02,002442,龙星科技,7.54,7.54,2024-08-07,,2030-01-31,5.8,130,7.54,6.09,,0/15 | 30,如果公司 A 股股票在任何连续三十个交易日中至少十五个交易日的收盘价格不低于当期转股价格的 130%（含130%）；,
127110,广核转债,157.202,003816,中国广核,49.0,48.994,2026-01-15,,2031-07-09,3.67,130,4.771,4.71,,0/15 | 30,如果公司 A 股股票在任意连续三十个交易日中至少有十五个交易日的收盘价格不低于当期转股价格的 130%（含 130%）,
127111,金威转债,135.524,002626,金达威,12.924,12.924,2026-02-26,,2031-08-20,19.59,130,25.467,15.67,,0/15 | 30,公司股票连续三十个交易日中至少有十五个交易日的收盘价不低于当期转股价格的 130%（含本数）；,
128119,龙大转债,93.181,002726,龙大美食,9.5,9.459,2021-01-18,,2026-07-13,4.2,130,5.46,3.01,,0/15 | 30,如果公司A股股票连续三十个交易日中至少有十五个交易日的收盘价格不低于当期转股价格的130%(含130%),
128124,科华转债,105.87,002022,科华生物,7.38,2.245,2021-02-03,,2026-07-28,20.64,130,26.832,5.88,,0/15 | 30,如果公司股票在任何连续30个交易日中至少15个交易日的 收盘价格不低于当期转股价格的130%(含 130%),
128125,华阳转债,117.4,002949,华阳国际,4.5,4.496,2021-02-05,,2026-07-30,14.39,130,18.707,14.35,,0/15 | 30,如果公司股票连续三十个交易日中有十五个交易日的收盘价格不低于当期转股价格的130%(含 130%),
127102,浙建转债,127.937,002761,浙江建投,10.0,9.951,2024-07-01,,2029-12-25,10.22,130,13.286,8.17,,0/15 | 30,如果公司 A 股股票连续三十个交易日中至少有十五个交易日的收盘价格不低于当期转股价格的 130%（含130%）,
127095,广泰转债,141.684,002111,威海广泰,7.0,6.927,2024-04-24,,2029-10-18,9.07,130,11.791,9.58,,0/15 | 30,如果公司股票连续三十个交易日中至少十五个交易日的收盘价格不低于当期转股价格的 130%（含 130%）；,
127093,章鼓转债,135.401,002598,ST章鼓,2.43,2.425,2024-04-23,,2029-10-17,10.15,130,13.195,8.13,,0/15 | 30,如果公司股票任意连续三十个交易日中至少十五个交易日的收盘价格不低于当期转股价格的 130%（含 130%）,
127098,欧晶转债,127.502,001269,欧晶科技,4.7,4.693,2024-05-30,,2029-11-24,42.0,130,54.6,21.03,,0/15 | 30,如果公司 A 股股票在任意连续三十个交易日中至少十五个交易日的收盘价格不低于当期转股价格的130%（含130%）,
128127,文科转债,113.73,002775,文科股份,9.5,8.036,2021-03-01,,2026-08-20,4.42,130,5.746,3.9,,0/15 | 30,如果公司A股股票连续30个交易日中至少有15个交易日的收盘价格不低于当期转股价格的130%(含 130%),
127099,盛航转债,136.75,001205,盛航股份,7.4,4.541,2024-06-12,,2029-12-06,15.48,130,20.124,14.92,,0/15 | 30,如果公司股票连续三十个交易日中至少有十五个交易日的收盘价格不低于当期转股价格的 130%（含 130%）,
127049,希望转2,117.083,000876,新希望,81.5,81.434,2022-05-09,,2027-11-02,10.59,130,13.767,8.67,,0/15 | 30,在本次发行的可转换公司债券转股期内，如果公司 A 股股票连续三十个交易日中至少有十五个交易日的收盘价不低于当期转股价 格的 130%(含 130%),
127046,百润转债,129.214,002568,百润股份,11.28,11.274,2022-04-12,,2027-09-29,20.63,130,26.819,16.6,,0/15 | 30,如果公司股票在任何连续三十个交易日中至少十五个交易日的收盘价格不低于当期转股价格的 130%(含 130%),
128121,宏川转债,114.35,002930,宏川智慧,6.7,6.52,2021-01-25,,2026-07-17,12.65,130,16.445,12.56,,0/15 | 30,如果公司A股股票连续三十个交易日中至少有十五个交易日的收盘价格不低于当期转股价格的 130%(含130%),
123229,艾录转债,136.071,301062,上海艾录,5.0,1.779,2024-04-29,,2029-10-23,10.0,130,13.0,8.06,,0/15 | 30,如果公司股票在任何连续三十个交易日中至少有十五个交易日的收盘价格不低于当期转股价格的 130%（含130%）,
123237,佳禾转债,145.671,300793,佳禾智能,10.04,4.315,2024-07-10,,2030-01-04,13.46,130,17.498,13.9,,0/15 | 30,如果公司股票在任意连续三十个交易日中至少有十五个交易日的收盘价格不低于当期转股价格的 130%（含 130%）,
128135,洽洽转债,114.5,002557,洽洽食品,13.4,13.398,2021-04-26,,2026-10-20,55.93,130,72.709,22.74,,0/15 | 30,如果公司股票连续三十个交易日中至少有十五个交易日的收盘价格不低于当期转股价格的130%(含130%),
123252,银邦转债,153.25,300337,银邦股份,7.85,7.846,2025-07-14,,2031-01-06,12.51,130,16.263,13.62,,0/15 | 30,如果公司股票连续三十个交易日中至少有十五个交易日的收盘价格不低于当期转股价格的 130%（含 130%）,
123250,嘉益转债,129.637,301004,嘉益股份,3.979,3.955,2025-05-13,,2030-11-07,79.66,130,103.558,49.03,,0/15 | 30,公司股票在任何连续三十个交易日中至少十五个交易日收盘价格不低于当期转股价格的 130%（含 130%）；,
123223,九典转02,139.499,300705,九典制药,3.6,2.053,2024-03-21,,2029-09-15,14.95,130,19.435,12.84,,0/15 | 30,如果公司 A 股股票在任何连续 30 个交易日中至少 15 个交易日的收盘价格不低于当期转股价格的 130%（含 130%）；,
123220,易瑞转债,136.388,300942,易瑞生物,3.28,2.907,2024-02-26,,2029-08-18,8.87,130,11.531,7.74,,0/15 | 30,如果公司股票连续三十个交易日中至少有十五个交易日的收盘价格不低于当期转股价格的 130%（含 130%）；,
123199,山河转债,142.878,300452,山河药辅,3.2,3.197,2023-12-18,,2029-06-12,13.3,130,17.29,13.99,,0/15 | 30,如果公司股票在任意连续三十个交易日中至少十五个交易日的收盘价格不低于当期转股价格的130%（含130%）,
123198,金埔转债,140.27,301098,金埔园林,5.2,3.259,2023-12-14,,2029-06-08,7.55,130,9.815,9.15,,0/15 | 30,如果公司股票在连续 30 个交易日中至少15 个交易日的收盘价格不低于当期转股价格的 130%（含 130%）,
123214,东宝转债,132.142,300239,东宝生物,4.55,4.549,2024-02-05,,2029-07-31,6.63,130,8.619,5.44,,0/15 | 30,如果公司 A 股股票在连续三十个交易日中至少十五个交易日的收盘价格不低于当期转股价格的 130%（含 130%）,
123215,铭利转债,141.637,301268,铭利达,10.0,8.555,2024-02-19,,2029-08-03,19.2,130,24.96,21.46,,0/15 | 30,如果公司股票在任意连续三十个交易日中至少十五个交易日的收盘价格不低于当期转股价格的 130%（含 130%）；,
123216,科顺转债,138.0,300737,科顺股份,21.98,21.978,2024-02-19,,2029-08-04,6.67,130,8.671,7.01,,0/15 | 30,如果公司股票在任意连续三十个交易日中至少十五个交易日的收盘价格不低于当期转股价格的 130%（含 130%）,
123253,永贵转债,149.461,300351,永贵电器,9.8,9.799,2025-09-19,,2031-03-13,18.23,130,23.699,22.0,,0/15 | 30,如果公司股票在任何连续三十个交易日中至少十五个交易日的收盘价格不低于当期转股价格的 130%（含 130%）,
128134,鸿路转债,124.327,002541,鸿路钢构,18.8,15.726,2021-04-15,,2026-10-09,21.99,130,28.587,20.68,,0/15 | 30,如果公司股票连续三十个交易日中至少有十五个交易日的收盘价格不低于当期转股价格的130%(含 130%),
127038,国微转债,132.555,002049,紫光国微,15.0,14.916,2021-12-17,,2027-06-10,97.3,130,126.49,74.43,,0/15 | 30,如果公司股票在任何连续三十个交易日中至少十五个交易日的收盘价格不低于当期转股价格的130%(含130%),
127034,绿茵转债,144.999,002887,绿茵生态,7.12,4.279,2021-11-11,,2027-04-30,11.51,130,14.963,12.65,,0/15 | 30,公司股票连续三十个交易日中至少十五个交易日的收盘价格 不低于当期转股价格的 130%(含 130%),
127040,国泰转债,138.61,002091,江苏国泰,45.574,39.864,2022-01-13,,2027-07-07,7.65,130,9.945,9.61,,0/15 | 30,如果公司股票在连续三十个交易日内至少有十五个交易日的收盘价不低于当期转股价格的 130%(含 130%),
127041,弘亚转债,125.0,002833,弘亚数控,6.0,5.999,2022-01-17,,2026-07-12,17.0,130,22.1,20.25,,0/15 | 30,如果公司A股股票连续30个交易日中至少有15个交易日的收盘价不低于当期转股价格的 130%(含 130%),
127045,牧原转债,132.606,002714,牧原股份,95.5,95.43,2022-02-21,,2027-08-16,43.74,130,56.862,43.3,,0/15 | 30,如果公司 A 股股票连续三十个交易日中至少有十五个交易日的收盘价不低于当期转股价格的 130%(含 130%),
127044,蒙娜转债,125.96,002918,蒙娜丽莎,11.689,3.371,2022-02-21,,2027-08-16,19.84,130,25.792,11.4,,0/15 | 30,如果公司股票在任何连续三十个交易日中至少十五个交易日的收盘价格不低于当期转股价格的 130%(含 130%),
128129,青农转债,107.516,002958,青农商行,50.0,49.997,2021-03-01,,2026-08-25,4.0,130,5.2,3.0,,0/15 | 30,如果公司A股股票连续三十个交易日中至少有十五个交易日的收盘价格不低于当期转股价格的130%(含 130%),
127031,洋丰转债,132.95,000902,新洋丰,10.0,9.999,2021-10-08,,2027-03-25,17.09,130,22.217,15.34,,0/15 | 30,如果公司股票连续30个交易日中至少有15个交 易日的收盘价格不低于当期转股价格的130%(含 130%),
127018,本钢转债,118.525,000761,本钢板材,68.0,56.309,2021-01-04,,2026-06-29,3.29,130,4.277,2.99,,0/15 | 30,如果公司股票连续三十个交易日中至少有十五个交易日的收盘价格不低于当期转股价格的 130%(含 130%),
123257,安克转债,159.261,300866,安克创新,11.048,11.047,2025-12-22,,2031-06-16,110.58,130,143.754,118.69,,0/15 | 30,如果公司股票连续三十个交易日中至少有十五个交易日的收盘价格不低于当期转股价格的 130%（含 130%）,
127025,冀东转债,105.69,000401,金隅冀东,28.2,17.764,2021-05-11,,2026-11-05,13.01,130,16.913,4.59,,0/15 | 30,如果公司股票在任何连续三十个交易日中至少十五个交易日的收盘价格不低于当期转股价格的130%(含130%),
127027,能化转债,123.4,000552,甘肃能化,28.0,19.464,2021-06-16,,2026-12-10,2.93,130,3.809,2.84,,0/15 | 30,如果公司股票在任何连续 30 个交易日中至少 15 个交易日的 收盘价格不低于当期转股价格的 130%(含 130%),
127030,盛虹转债,128.5,000301,东方盛虹,50.0,49.975,2021-09-27,,2027-03-22,13.21,130,17.173,13.06,,0/15 | 30,如果公司股票连续30个交易日中至少有15个交易日的收盘价格不低于当期转股价格的130%(含130%),
123196,正元转02,133.268,300645,正元智慧,3.507,3.501,2023-10-24,,2029-04-18,21.93,130,28.509,16.89,,0/15 | 30,如果公司A股股票在任意连续三十个交易日中至少十五个交易日的收盘价格不低于当期转股价格的130%（含）,
123080,海波转债,141.471,300517,海波重科,2.45,1.486,2021-06-08,,2026-12-02,11.38,130,14.794,12.18,,0/15 | 30,如果公司股票在任意连续三十个交易日中至少十五个交 易日的收盘价格不低于当期转股价格的 130%(含 130%),
113624,XD正川转,139.241,603976,正川股份,4.05,4.048,2021-11-08,,2027-04-28,20.07,130,26.091,21.23,,0/15 | 30,如果本公司股票连续 30 个交易日 中至少有 15 个交易日的收盘价格不低于当期转股价格的 130%(含 130%),
113616,韦尔转债,117.004,603501,豪威集团,24.4,24.324,2021-07-05,,2026-12-28,159.12,130,206.856,103.89,,0/15 | 30,如果公司A股股票连续三十个交易日中至少有十五个交易日的收盘价格不低于当期转股价格的 130%(含 130%),
113615,金诚转债,605.769,603979,金诚信,10.0,4.958,2021-06-29,,2026-12-23,11.78,130,15.314,60.3,,0/15 | 30,如果公司股票在任何连续三十个交易日中至少十五个交易日的收盘价格不低于当期转股价格的 130%(含 130%),
113625,江山转债,126.661,603208,江山欧派,5.83,5.825,2021-12-20,,2027-06-11,19.84,130,25.792,13.37,,0/15 | 30,如果公司股票在任何连续三十个交易日中至少十五个交易日的收盘价格不低于当期转股价格的 130%(含 130%),
113627,太平转债,122.671,603877,太平鸟,8.0,7.997,2022-01-21,,2027-07-15,20.88,130,27.144,14.35,,0/15 | 30,如果公司股票在任意连续三十个交易日中至少十五个交 易日的收盘价格不低于当期转股价格的 130%(含 130%),
113632,鹤21转债,137.651,603733,仙鹤股份,20.5,20.167,2022-05-23,,2027-11-17,18.99,130,24.687,22.05,,0/15 | 30,如果公司A股股票连续三十个交易日中至少有十五个交易日的收盘价格不低于当期转股价格的 130%(含 130%),
113631,皖天转债,140.835,603689,皖天然气,9.3,5.958,2022-05-12,,2027-11-08,6.81,130,8.853,8.32,,0/15 | 30,如果公司股票连续三十个交易日中至少有十五个交易日的收盘价格不低于当期转股价格的 130%(含 130%),
113610,灵康转债,122.603,603669,灵康药业,5.25,2.53,2021-06-07,,2026-12-01,6.5,130,8.45,4.36,,0/15 | 30,在转股期内，如果公司股票在任意连续三十个交易日中至少十五个交易日的收盘价格不低于当期转股价格的 130%(含 130%),
113605,大参转债,124.57,603233,大参林,14.05,14.046,2021-04-28,,2026-10-22,17.35,130,22.555,18.75,,0/15 | 30,如果公司A股股票连续三十个交易日中至少有十五个交易日的收盘价格不低于当期转股价格的130%(含 130%),
113062,常银转债,131.2,601128,常熟银行,60.0,59.994,2023-03-21,,2028-09-15,5.89,130,7.657,7.33,,0/15 | 30,如果本行 A 股股票连续三十个交易日中至少有十五个交易日的收盘价格不低于当期转股价格的 130%（含 130%）,
113059,福莱转债,125.698,601865,福莱特,40.0,39.999,2022-11-28,,2028-05-20,41.71,130,54.223,13.48,,0/15 | 30,如果公司A股股票连续30个交易日中至少有 15 个交易日的收盘价格不低于当期转股价格的130%（含 130%）,
113066,平煤转债,148.539,601666,平煤股份,29.0,14.274,2023-09-22,,2029-03-16,7.52,130,9.776,8.47,,0/15 | 30,如果公司股票在任何连续30个交易日中至少15个交易日的收盘价格不低于当期转股价格的130%（含）,
113067,燃23转债,134.525,601139,深圳燃气,30.0,29.999,2024-02-02,,2029-07-27,7.4,130,9.62,7.08,,0/15 | 30,如果公司股票在任意连续三十个交易日中至少有十五个交易日的收盘价格高于当期转股价格的 130%；,
113588,润达转债,124.499,603108,润达医疗,5.5,2.337,2020-12-23,,2026-06-17,12.97,130,16.861,13.24,,0/15 | 30,如果公司 A 股股票连续三十个交易日中至少有十五个交易日的收盘价不低于当期转股价格的 130%(含 130%),
113070,渝水转债,129.501,601158,重庆水务,19.0,18.998,2025-07-15,,2031-01-09,4.82,130,6.266,4.38,,0/15 | 30,如果公司股票在任何连续三十个交易日中至少十五个交易日的收盘价格不低于当期转股价格的 130%（含 130%）；,
113633,科沃转债,123.499,603486,科沃斯,10.4,10.396,2022-06-06,,2027-11-30,173.8,130,225.94,67.0,,0/15 | 30,如果公司A股股票连续三十个交易日中至少有 十五个交易日的收盘价格不低于当期转股价格的 130%(含 130%),
113634,珀莱转债,129.125,603605,珀莱雅,7.517,7.507,2022-06-14,,2027-12-08,95.46,130,124.098,61.45,,0/15 | 30,如果公司股票在任何连续三十个交易日中至少十五个交易日的收盘价格不低于当期转股价格的 130%（含 130%）,
113658,密卫转债,138.31,603713,密尔克卫,8.724,8.719,2023-03-22,,2027-09-16,55.72,130,72.436,56.63,,0/15 | 30,如果公司 A 股股票连续三十个交易日中至少有十五个交易日的收盘价格不低于当期转股价格的 130%（含 130%）；,
113656,嘉诚转债,128.713,603535,嘉诚国际,8.0,7.998,2023-03-07,,2028-09-01,10.35,130,13.455,8.06,,0/15 | 30,如果公司股票在任何连续 30 个交易日中至少有 15 个交易日的收盘价格不低于当期转股价格的 130%（含 130%）；,
113655,欧22转债,132.281,603833,欧派家居,20.0,19.999,2023-02-13,,2028-08-05,52.77,130,68.601,46.41,,0/15 | 30,如果公司股票在任何连续三十个交易日中至少有十五个交易日的收盘价格不低于当期转股价格的 130%（含 130%）,
113659,莱克转债,135.651,603355,莱克电气,12.0,11.998,2023-04-20,,2028-10-14,31.72,130,41.236,29.69,,0/15 | 30,如果公司股票在任何连续 30 个交易日中至少 15 个交易日的收盘价格不低于当期转股价格的 130%（含 130%）,
113660,寿22转债,127.022,603896,寿仙谷,3.98,3.977,2023-05-23,,2028-11-17,36.84,130,47.892,18.25,,0/15 | 30,如果公司A股股票连续三十个交易日中至少有十五个交易日的收盘价不低于当期转股价格的130%（含130%）,
113666,爱玛转债,127.296,603529,爱玛科技,20.0,19.994,2023-09-01,,2029-02-23,37.49,130,48.737,23.27,,0/15 | 30,如果公司股票在任何连续 30 个交易日中至少 15 个交易日的收盘价格不低于当期转股价格的 130%（含 130%）,
113665,汇通转债,135.273,603176,汇通集团,3.6,3.596,2023-06-21,,2028-12-15,6.29,130,8.177,5.53,,0/15 | 30,如果公司股票在任何连续三十个交易日中至少有十五个交易日的收盘价格不低于当期转股价格的 130%（含 130%）；,
113652,伟22转债,129.48,603568,伟明环保,14.77,14.766,2023-01-30,,2028-07-22,27.27,130,35.451,20.6,,0/15 | 30,如果公司股票任何连续三十个交易日中至少十五个交易日的收盘价不低于当期转股价格的 130%（含 130%）,
113650,博22转债,129.136,603916,苏博特,8.0,7.996,2023-01-09,,2028-07-01,23.15,130,30.095,11.5,,0/15 | 30,如果公司股票在任何连续三十个交易日中至少十五个交易日的收盘价格不低于当期转股价格的 130%（含 130%）,
113638,台21转债,130.059,603055,台华新材,6.0,5.997,2022-07-05,,2027-12-29,16.19,130,21.047,9.05,,0/15 | 30,如果公司股票在任何连续三十个交易日中至少十五个交易日的收盘价格不低于当期转股价格的 130%（含 130%）,
113636,甬金转债,129.711,603995,甬金股份,10.0,9.995,2022-06-17,,2027-12-13,26.74,130,34.762,19.69,,0/15 | 30,如果公司股票连续三十个交易日中至少有十五个交易日的收盘价格不低于当期转股价格的 130%（含 130%）,
113643,风语转债,136.093,603466,风语筑,5.0,4.994,2022-10-10,,2028-03-25,11.82,130,15.366,9.58,,0/15 | 30,如果公司股票在任何连续三十个交易日中至少十五个交易日的收盘价格不低于当期转股价格的 130%（含 130%）,
113644,艾迪转债,148.004,603638,艾迪精密,10.0,9.999,2022-11-18,,2028-04-15,18.65,130,24.245,22.7,,0/15 | 30,当公司股票在任何连续三十个交易日中至少有十五个交易日的收盘价格不低于当期转股价格的130%（含 130%）；,
113649,丰山转债,145.328,603810,丰山集团,5.0,4.577,2023-01-03,,2028-06-27,13.73,130,17.849,15.64,,0/15 | 30,如果公司股票连续三十个交易日中至少有十五个交易日的收盘价格不低于当期转股价格的 130%（含 130%）,
113648,巨星转债,126.251,603477,巨星农牧,10.0,8.997,2022-10-31,,2028-04-25,25.04,130,32.552,17.51,,0/15 | 30,如果公司股票在任意连续三十个交易日中至少有十五个交易日的收盘价格不低于当期转股价格的 130%（含）,
113056,重银转债,128.35,601963,重庆银行,130.0,115.631,2022-09-30,,2028-03-23,9.5,130,12.35,10.8,,0/15 | 30,如果公司 A 股股票连续三十个交易日中至少有十五个交易日的收盘价格不低于当期转股价格的 130%（含 130%），,
113054,绿动转债,133.555,601330,绿色动力,23.6,23.598,2022-09-05,,2028-02-25,8.89,130,11.557,9.18,,0/15 | 30,如果公司A股股票连续三十个交易日中至少有十五个交易日的收盘价不低于当期转股价格的130%（含130%）,
110098,南药转债,138.713,600713,南京医药,10.815,10.814,2025-07-01,,2030-12-25,5.12,130,6.656,5.43,,0/15 | 30,公司股票在任何连续三十个交易日中至少十五个交易日的收盘价格不低于当期转股价格的130%（含 130%）；,
110097,天润转债,148.973,600419,天润乳业,9.9,9.89,2025-04-30,,2030-10-24,8.21,130,10.673,9.38,,0/15 | 30,如果公司 A 股股票连续三十个交易日中至少有十五个交易日的收盘价不低于当期转股价格的 130%（含 130%）,
110093,神马转债,124.292,600810,神马股份,30.0,22.199,2023-09-22,,2029-03-16,8.08,130,10.504,7.4,,0/15 | 30,公司股票连续三十个交易日中至少有十五个交易日的收盘价格不低于当期转股价格的130%（含）,
110099,福能转债,146.857,600483,福能股份,38.02,38.02,2026-04-17,,2031-10-13,9.84,130,12.792,9.75,,0/15 | 30,如果公司股票在任何连续三十个交易日中至少有十五个交易日的收盘价格不低于当期转股价格的 130%（含 130%）,
111001,山玻转债,145.303,605006,山东玻纤,6.0,5.994,2022-05-12,,2027-11-08,11.18,130,14.534,11.03,,0/15 | 30,如果公司A股股票连续三十个交易日中至少有十五个交易日的收盘价不低于当期转股价格的130%(含130%),
111003,聚合转债,145.432,605166,聚合顺,2.04,2.035,2022-09-13,,2028-03-07,11.37,130,14.781,11.78,,0/15 | 30,在本次发行的可转换公司债券转股期内，如果公司股票连续30个交易日中至少有15个交易日的收盘价格不低于当期转股价格的 130%（含 130%）,
111002,特纸转债,144.26,605007,五洲特纸,6.7,6.619,2022-06-14,,2027-12-08,13.65,130,17.745,15.66,,0/15 | 30,如果公司股票连续30个交易日中至少有15个交易日的收盘价格不低于当期转股价格的130%（含 130%）,
110092,三房转债,103.144,600370,三房巷,25.0,21.319,2023-07-12,,2029-01-06,3.02,130,3.926,2.67,,0/15 | 30,当公司股票在任何连续三十个交易日中至少有十五个交易日的收盘价格不低于当期转股价格的 130%（含 130%）,
110090,爱迪转债,136.092,600933,爱柯迪,15.7,15.696,2023-03-29,,2028-09-23,17.55,130,22.815,16.18,,0/15 | 30,如果公司A股股票连续三十个交易日中至少有十五个交易日的收盘价格不低于当期转股价格的 130%（含 130%）,
110076,华海转债,128.01,600521,华海药业,18.426,18.424,2021-05-06,,2026-11-02,33.06,130,42.978,15.8,,0/15 | 30,公司股票在任何连续三十个交易日中至少十五个交易日收盘价格不低于当期转股价格的130%(含130%),
110075,南航转债,116.149,600029,南方航空,160.0,58.959,2021-04-21,,2026-10-15,6.17,130,8.021,5.44,,0/15 | 30,如果公司A股股票在任何连续三十个交易日中至少十五个交易日的收盘价格不低于当期转股价格的 130%(含 130%),
110081,闻泰转债,90.718,600745,闻泰科技,86.0,85.963,2022-02-07,,2027-07-28,32.66,130,42.458,27.8,,0/15 | 30,如果公司股票连续三十个交易日中至少有十五个交易日的收盘价格不低于当期转股价格的 130%(含 130%),
110084,贵燃转债,129.058,600903,贵州燃气,10.0,9.151,2022-07-01,,2027-12-27,7.11,130,9.243,6.54,,0/15 | 30,如果公司股票连续三十个交易日中至少有十五个交易日的收盘价格不低于当期转股价格的 130%（含 130%）,
110086,精工转债,132.301,600496,精工钢构,20.0,19.999,2022-10-28,,2028-04-22,4.79,130,6.227,4.09,,0/15 | 30,如果公司股票在任何连续三十个交易日中至少有十五个交易日的收盘价格不低于当期转股价格的 130%（含 130%）,
110085,通22转债,122.875,600438,通威股份,120.0,119.831,2022-09-02,,2028-02-24,34.6,130,44.98,17.23,,0/15 | 30,如果公司A股股票连续三十个交易日中至少有十五个交易日的收盘价不低于当期转股价格的130%（含 130%）,
111004,明新转债,140.154,605068,明新旭腾,6.73,6.715,2022-10-10,,2028-03-30,24.41,130,31.733,25.68,,0/15 | 30,如果公司股票在连续三十个交易日内至少有十五个交易日的收盘价不低于当期转股价格的 130%（含 130%）,
111009,盛泰转债,129.967,605138,盛泰集团,7.012,7.011,2023-05-11,,2028-11-07,10.56,130,13.728,7.69,,0/15 | 30,如果公司股票在任何连续三十个交易日中至少十五个交易日的收盘价格不低于当期转股价格的 130%（含 130%）,
113043,财通转债,128.257,601108,财通证券,38.0,37.992,2021-06-16,,2026-12-10,8.03,130,10.439,8.22,,0/15 | 30,如果公司股票在任何连续三十个交易日中至少十五个交易日 的收盘价格不低于当期转股价格的130%(含 130%),
113042,上银转债,124.316,601229,上海银行,200.0,199.776,2021-07-29,,2027-01-25,8.57,130,11.141,9.58,,0/15 | 30,如果公司A股普通股股票连续三十个交易日中至少有十五个交易日的收盘价不低于当期转股价格的130%(含130%),
113046,金田转债,133.479,601609,金田股份,15.0,14.992,2021-09-27,,2027-03-22,10.32,130,13.416,10.13,,0/15 | 30,如果本公司股票任意连续30个交易日中至少有15个交易日的收盘价不低于当期转股价格的130%(含 130%),
113049,长汽转债,114.83,601633,长城汽车,35.0,34.951,2021-12-17,,2027-06-10,39.16,130,50.908,20.01,,0/15 | 30,如果公司 A 股股票在任何连续三十个交易日中至少十五个交易日的收盘价格不低于当期转股价格的 130%(含 130%),
113053,隆22转债,131.352,601012,隆基绿能,70.0,69.951,2022-07-11,,2028-01-05,17.5,130,22.75,16.95,,0/15 | 30,如果公司A股股票连续三十个交易日中至少有十五个交易日的收盘价不低于当期转股价格的130%（含130%）,
113052,兴业转债,120.546,601166,兴业银行,500.0,413.5,2022-06-30,,2027-12-27,20.63,130,26.819,18.14,,0/15 | 30,在本次发行可转债的转股期内，如果公司A股股票连续三十个交易日中至少有十五个交易日的收盘价格不低于当期转股价格的130%（含 130%）,
113037,紫银转债,109.595,601860,紫金银行,45.0,44.995,2021-01-29,,2026-07-23,3.6,130,4.68,2.67,,0/15 | 30,如果发行人A股股票连续三十个交易日中至少有十五个交易日的收盘价格不低于当期转股价格的 130%(含 130%),
111021,奥锐转债,143.549,605116,奥锐特,8.121,8.121,2025-02-05,,2030-07-26,24.94,130,32.422,23.2,,0/15 | 30,如果公司 A 股股票连续三十个交易日中至少有十五个交易日的收盘价不低于当期转股价格的 130%（含 130%）,
111014,李子转债,126.894,605337,李子园,6.0,5.999,2023-12-28,,2029-06-20,18.37,130,23.881,10.63,,0/15 | 30,如果公司 A 股股票连续三十个交易日中至少有十五个交易日的收盘价格不低于当期转股价格的 130%（含 130%）,
111010,立昂转债,144.465,605358,立昂微,33.9,33.892,2023-05-18,,2028-11-14,33.59,130,43.667,38.94,,0/15 | 30,如果公司 A 股股票连续三十个交易日中至少有十五个交易日的收盘价格不低于当期转股价格的 130%（含 130%）,
111015,东亚转债,135.319,605177,东亚药业,6.9,6.662,2024-01-12,,2029-07-06,20.28,130,26.364,21.09,,0/15 | 30,如果公司股票在任何连续三十个交易日中至少有十五个交易日的收盘价格不低于当期转股价格的 130%（含 130%）；,
111017,蓝天转债,130.629,605368,蓝天燃气,8.7,6.715,2024-02-21,,2029-08-15,7.98,130,10.374,7.77,,0/15 | 30,如果公司 A 股股票在连续三十个交易日中至少十五个交易日的收盘价格不低于当期转股价格的 130%（含 130%）；,
111020,合顺转债,148.176,605166,聚合顺,3.38,3.38,2025-01-27,,2030-07-22,10.59,130,13.767,11.78,,0/15 | 30,如果公司股票连续 30 个交易日中至少有 15 个交易日的收盘价格不低于当期转股价格的 130%（含 130%）,
111018,华康转债,137.159,605077,华康股份,13.03,13.022,2024-07-01,,2029-12-25,16.26,130,21.138,16.79,,0/15 | 30,如果本公司股票任意连续 30 个交易日中至少有 15 个交易日的收盘价不低于当期转股价格的 130%（含 130%）,
113670,金23转债,126.512,603180,金牌家居,7.7,7.7,2023-10-23,,2029-04-17,37.64,130,48.932,18.89,,0/15 | 30,如果公司股票在任何连续三十个交易日中至少十五个交易日的收盘价格不低于当期转股价格的130%（含）,
113647,禾丰转债,124.68,603609,禾丰股份,15.0,14.669,2022-10-28,,2028-04-22,10.09,130,13.117,6.82,,0/15 | 30,如果公司股票连续三十个交易日中至少有十五个交易日的收盘价格不低于当期转股价格的 130%（含 130%）,
113688,国检转债,143.441,603060,国检集团,8.0,7.998,2025-04-23,,2030-10-17,6.52,130,8.476,6.93,,0/15 | 30,如果公司股票在任意连续三十个交易日中至少有十五个交易日的收盘价格不低于当期转股价格的 130%（含 130%）；,
118025,奕瑞转债,142.551,688301,奕瑞科技,14.35,14.217,2023-04-28,,2028-10-24,114.97,130,149.461,112.76,,0/15 | 30,如果公司股票在连续三十个交易日中至少十五个交易日的收盘价格不低于当期转股价格的 130%（含 130%）,
118036,力合转债,139.333,688589,力合微,3.8,3.8,2024-01-04,,2029-06-28,23.93,130,31.109,22.05,,0/15 | 30,如果公司 A 股股票在连续三十个交易日中至少十五个交易日的收盘价格不低于当期转股价格的 130%（含 130%）；,
118037,上声转债,136.007,688533,上声电子,5.2,4.679,2024-01-12,,2029-07-06,28.99,130,37.687,26.08,,0/15 | 30,如果公司股票在任何连续三十个交易日中至少有十五个交易日的收盘价格不低于当期转股价格的 130%（含130%）；,
118040,宏微转债,142.047,688711,宏微科技,4.3,4.297,2024-01-31,,2029-07-25,28.51,130,37.063,27.32,,0/15 | 30,如果公司 A 股股票在连续三十个交易日中至少十五个交易日的收盘价格不低于当期转股价格的 130%（含 130%）；,
118042,奥维转债,148.668,688516,奥特维,11.4,11.399,2024-02-19,,2029-08-10,84.42,130,109.746,77.01,,0/15 | 30,如果公司 A 股股票连续三十个交易日中至少有十五个交易日的收盘价不低于当期转股价格的 130%（含 130%），,
113682,益丰转债,130.593,603939,益丰药房,17.97,17.968,2024-09-09,,2030-03-04,31.84,130,41.392,23.13,,0/15 | 30,如果公司A股股票在连续三十个交易日中至少十五个交易日的收盘价格不低于当期转股价格的 130%（含 130%）；,
118035,国力转债,139.542,688103,国力电子,4.8,4.8,2023-12-18,,2029-06-12,62.54,130,81.302,57.12,,0/15 | 30,如果公司 A 股股票在连续三十个交易日中至少十五个交易日的收盘价格不低于当期转股价格的 130%（含 130%）；,
113692,保隆转债,133.982,603197,保隆科技,13.9,13.897,2025-05-06,,2030-10-31,39.36,130,51.168,33.88,,0/15 | 30,如果公司 A 股股票在任何连续三十个交易日中至少有十五个交易日的收盘价格不低于当期转股价格的 130%（含 130%）；,
113696,伯25转债,138.614,603596,伯特利,28.02,28.019,2026-01-07,,2031-07-01,52.42,130,68.146,44.59,,0/15 | 30,如果公司股票在任意连续三十个交易日中至少有十五个交易日的收盘价格不低于当期转股价格的130%（含130%）；,
118031,天23转债,128.996,688599,天合光能,88.648,58.512,2023-08-17,,2029-02-13,16.0,130,20.8,15.69,,0/15 | 30,如果公司 A 股股票连续三十个交易日中至少有十五个交易日的收盘价不低于当期转股价格的 130%（含 130%）,
113694,清源转债,139.914,603628,清源股份,5.0,5.0,2025-10-14,,2031-04-08,12.86,130,16.718,12.41,,0/15 | 30,如果公司股票连续三十个交易日中至少有十五个交易日的收盘价格不低于当期转股价格的 130%（含 130%）,
118027,宏图转债,87.843,688066,航天宏图,10.088,10.087,2023-06-02,,2028-11-28,24.55,130,31.915,17.22,,0/15 | 30,如果公司股票在连续 30 个交易日中至少 15 个交易日的收盘价格不低于当期转股价格的 130%（含 130%）；,
113698,凯众转债,155.184,603037,凯众股份,3.08,3.08,2026-02-24,,2031-08-15,12.74,130,16.562,14.52,,0/15 | 30,如果公司股票在连续三十个交易日中至少十五个交易日的收盘价格不低于当期转股价格的 130%（含 130%）；,
118032,建龙转债,128.888,688357,建龙微纳,7.0,6.999,2023-09-14,,2029-03-08,71.71,130,93.223,37.79,,0/15 | 30,如果公司 A 股股票在连续三十个交易日中至少十五个交易日的收盘价格不低于当期转股价格的130%（含）,
118015,芯海转债,131.244,688595,芯海科技,4.1,4.1,2023-01-30,,2028-07-21,55.22,130,71.786,34.83,,0/15 | 30,如果公司股票在任何连续三十个交易日中至少有十五个交易日的收盘价格不低于当期转股价格的 130%（含 130%）,
113699,金25转债,159.029,603979,金诚信,20.0,19.999,2026-04-10,,2031-09-26,63.46,130,82.498,60.3,,0/15 | 30,如果公司A 股股票连续三十个交易日中至少有十五个交易日的收盘价格不低于当期转股价格的130%（含130%）。,
118024,冠宇转债,127.309,688772,珠海冠宇,30.89,30.889,2023-04-28,,2028-10-24,22.89,120,27.468,16.6,,0/15 | 30,"如果公司股票在连续三十个交易日中至少十五个交易日的收盘价格不低于当期转股价格的 120%（含 120%）或本次发行的可转换公司债券未转股余额不足 5,000 万元时",
118012,微芯转债,154.676,688321,微芯生物,5.0,4.996,2023-01-11,,2028-07-05,25.4,130,33.02,29.53,,0/15 | 30,如果公司股票在连续三十个交易日中至少十五个交易日的收盘价格不低于当期转股价格的 130%（含 130%）,
118011,银微转债,149.108,688689,银河微电,5.0,4.997,2023-01-09,,2028-07-04,31.3,130,40.69,38.97,,0/15 | 30,如果公司股票在连续三十个交易日中至少十五个交易日的收盘价格不低于当期转股价格的 130%（含 130%）,
113674,华设转债,134.489,603018,华设集团,4.0,3.999,2024-01-29,,2029-07-21,8.45,130,10.985,7.3,,0/15 | 30,如果公司 A 股股票在任意连续三十个交易日中至少十五个交易日的收盘价格不低于当期转股价格的 130%（含 130%）；,
113671,武进转债,145.621,603878,武进不锈,3.1,3.094,2024-01-15,,2029-07-10,7.93,130,10.309,8.0,,0/15 | 30,如果公司股票在任何连续三十个交易日中至少有十五个交易日的收盘价格不低于当期转股价格的 130%（含 130%）；,
118022,锂科转债,128.532,688779,五矿新能,32.5,32.497,2023-04-17,,2028-10-11,15.53,130,20.189,11.41,,0/15 | 30,如果公司 A股股票在连续三十个交易日中至少十五个交易日的收盘价格不低于当期转股价格的130%（含）,
118018,瑞科转债,148.505,688323,瑞华泰,4.3,4.299,2023-02-24,,2028-08-18,21.0,130,27.3,24.88,,0/15 | 30,在本次发行的可转换公司债券转股期内，如果公司 A 股股票连续三十个交易日中至少有十五个交易日的收盘价不低于当期转股价格的 130%（含 130%）,
118020,芳源转债,127.791,688148,芳源股份,6.42,6.417,2023-03-29,,2028-09-23,14.0,130,18.2,10.1,,0/15 | 30,如果公司股票在连续三十个交易日中至少十五个交易日的收盘价格不低于当期转股价格的 130%（含 130%）,
118010,洁特转债,123.79,688026,洁特生物,4.4,4.399,2023-01-04,,2028-06-28,47.95,130,62.335,16.11,,0/15 | 30,如果公司股票连续三十个交易日中至少有十五个交易日的收盘价不低于当期转股价格的 130%（含 130%）,
118007,山石转债,140.161,688030,山石网科,2.674,2.671,2022-09-28,,2028-03-22,16.5,130,21.45,16.0,,0/15 | 30,如果公司股票在连续三十个交易日中至少十五个交易日的收盘价格不低于当期转股价格的 130%（含 130%）,
113680,丽岛转债,139.718,603937,丽岛新材,3.0,2.999,2024-05-21,,2029-11-15,12.91,130,16.783,12.6,,0/15 | 30,如果公司 A 股股票在任意连续三十个交易日中至少十五个交易日的收盘价格不低于当期转股价格的 130%（含 130%）；,
113681,镇洋转债,141.975,603213,镇洋发展,6.6,5.797,2024-07-05,,2029-12-29,11.2,130,14.56,13.52,,0/15 | 30,如果公司股票连续三十个交易日中至少有十五个交易日的收盘价格不低于当期转股价格的 130%（含 130%）；,
118005,天奈转债,128.334,688116,天奈科技,8.3,8.299,2022-08-09,,2028-01-27,99.09,130,128.817,41.15,,0/15 | 30,如果公司股票连续三十个交易日中至少有十五个交易日的收盘价不低于当期转股价格的 130%（含 130%）,
118052,浩瀚转债,147.305,688292,浩瀚深度,3.54,3.539,2025-09-19,,2031-03-13,24.26,130,31.538,22.44,,0/15 | 30,如果公司股票在任何连续三十个交易日中至少十五个交易日的收盘价格不低于当期转股价格的 130%（含 130%）；,
113679,芯能转债,132.145,603105,芯能科技,8.8,8.798,2024-05-06,,2029-10-26,12.75,130,16.575,10.24,,0/15 | 30,如果公司 A 股股票在任意连续 30 个交易日中至少 15 个交易日的收盘价格不低于当期转股价格的 130%（含 130%）；,
113693,志邦转债,129.34,603801,志邦家居,6.7,6.7,2025-09-24,,2031-03-18,11.52,130,14.976,8.72,,0/15 | 30,如果公司股票连续三十个交易日中至少有十五个交易日的收盘价格不低于当期转股价格的 130%（含 130%）,
118053,正帆转债,142.0,688596,正帆科技,10.41,10.41,2025-09-24,,2031-03-18,38.45,130,49.985,33.5,,0/15 | 30,如果公司股票在连续三十个交易日中至少十五个交易日的收盘价格不低于当期转股价格的 130%（含 130%）,
118059,颀中转债,159.303,688352,颀中科技,8.5,8.5,2026-05-07,,2031-11-03,13.75,130,17.875,12.95,,0/15 | 30,如果公司股票在任何连续三十个交易日中至少十五个交易日的收盘价格不低于当期转股价格的 130%（含 130%）,
123260,卓镁转债,162.8,301398,星源卓镁,4.5,4.5,2026-05-13,,2031-11-06,52.3,130,67.99,43.54,,0/15 | 30,如果发行人股票在任何连续三十个交易日中至少有十五个交易日的收盘价格不低于当期转股价格的 130%（含 130%）；,
118060,瑞可转债,172.98,688800,瑞可达,10.0,10.0,2026-05-20,,2031-11-13,73.85,130,96.005,90.17,,0/15 | 30,如果公司股票在连续三十个交易日中至少十五个交易日的收盘价格不低于当期转股价格的 130%（含 130%）,
118061,茂莱转债,220.115,688502,茂莱光学,5.625,5.625,2026-05-27,,2031-11-20,364.43,130,473.759,461.37,,0/15 | 30,如果公司股票连续三十个交易日中至少有十五个交易日的收盘价格不低于当期转股价格的 130%（含 130%）,
123261,普联转债,156.5,300996,普联软件,2.43,2.429,2026-06-11,,2031-12-05,18.26,130,23.738,17.19,,0/15 | 30,如果公司 A 股股票连续三十个交易日中至少十五个交易日的收盘价格不低于当期转股价格的 130%（含130%）,
123262,神宇转债,146.93,300563,神宇股份,5.0,5.0,2026-06-17,,2031-12-10,38.82,130,50.466,32.46,,0/15 | 30,如果公司股票在任意连续三十个交易日中至少有十五个交易日的收盘价格不低于当期转股价格的 130%（含 130%）。,
111024,澳弘转债,161.035,605058,澳弘电子,5.8,5.8,2026-06-17,,2031-12-10,34.04,130,44.252,35.01,,0/15 | 30,在本次发行的可转债转股期内，如果公司 A 股股票连续三十个交易日中至少有十五个交易日的收盘价格不低于当期转股价格的130%（含130%）,
118062,天准转债,210.641,688003,天准科技,8.72,8.72,2026-06-18,,2031-12-11,55.73,120,66.876,70.3,,0/15 | 30,在转股期内，公司股票连续三十个交易日中至少有十五个交易日的收盘价不低于当期转股价格的 120%（含 120%）；,
123263,鼎捷转债,154.665,300378,鼎捷数智,8.28,8.277,2026-06-19,,2031-12-15,43.54,130,56.602,39.01,,0/15 | 30,如果公司股票在任意连续三十个交易日中至少十五个交易日的收盘价格不低于当期转股价格的 130%（含 130%）,
118063,金05转债,172.137,688676,金盘科技,16.71,16.71,2026-07-01,,2031-12-24,89.28,130,116.064,88.51,,0/15 | 30,如果公司股票连续三十个交易日中至少有十五个交易日的收盘价不低于当期转股价格的130%（含130%）,
123264,双乐转债,137.627,301036,双乐股份,8.0,8.0,2026-07-06,,2031-12-25,36.7,130,47.71,27.92,,0/15 | 30,如果公司股票在任意连续三十个交易日中至少有十五个交易日的收盘价格不低于当期转股价格的 130%（含 130%）,
118064,联瑞转债,229.122,688300,联瑞新材,6.95,6.95,2026-07-14,,2032-01-07,63.55,130,82.615,84.05,,0/15 | 30,如果公司A 股股票连续三十个交易日中至少有十五个交易日的收盘价格不低于当期转股价格的130%（含130%）,
127112,尚太转债,153.35,001301,尚太科技,17.34,17.34,2026-07-22,,2032-01-15,84.71,130,110.123,80.18,,0/15 | 30,如果公司股票在任意连续三十个交易日中至少有十五个交易日的收盘价不低于当期转股价格的130%（含130%）,
123265,耐普转02,158.82,300818,耐普矿机,4.5,4.5,2026-07-22,,2032-01-15,38.44,130,49.972,33.08,,0/15 | 30,如果公司股票在连续三十个交易日中至少十五个交易日的收盘价格不低于当期转股价格的 130%（含 130%）,
110100,龙建转债,137.184,600853,龙建股份,10.0,10.0,2026-07-28,,2032-01-21,4.63,130,6.019,3.94,,0/15 | 30,如果公司 A 股股票连续三十个交易日中至少有十五个交易日的收盘价格不低于当期转股价格的 130%（含130%）,
118065,艾为转债,148.367,688798,艾为电子,19.01,19.01,2026-07-28,,2032-01-22,79.83,130,103.779,66.01,,0/15 | 30,公司股票在任何连续三十个交易日中至少十五个交易日的收盘价格不低于当期转股价格的 130%（含 130%）,
113700,海天转债,139.103,603759,海天股份,8.01,8.01,2026-08-11,,2032-02-04,12.52,130,16.276,9.25,,0/15 | 30,公司股票在任何连续三十个交易日中至少十五个交易日的收盘价格不低于当期转股价格的 130%（含 130%）,
118066,统联转债,144.937,688210,统联精密,5.76,5.76,2026-09-06,,2032-03-02,56.2,130,73.06,44.66,,0/15 | 30,如果公司股票在任何连续三十个交易日中至少十五个交易日的收盘价格不低于当期转股价格的130%（含130%）,
113701,祥和转债,143.148,603500,祥和实业,4.0,4.0,2026-09-09,,2032-03-02,13.59,130,17.667,10.56,,0/15 | 30,如果公司股票在连续三十个交易日中至少十五个交易日的收盘价格不低于当期转股价格的 130%（含 130%）,
127113,长高转债,156.2,002452,长高电新,7.59,7.586,2026-09-14,,2032-03-08,11.01,130,14.313,10.98,,0/15 | 30,如果公司股票在任何连续三十个交易日中至少十五个交易日的收盘价格不低于当期转股价格的 130%（含 130%）,
118067,上26转债,143.761,688533,上声电子,3.25,3.25,2026-09-24,,2032-03-17,32.6,130,42.38,26.08,,0/15 | 30,在本次发行的可转换公司债券转股期内，如果公司股票在任何连续三十个交易日中至少有十五个交易日的收盘价格不低于当期转股价格的130%（含130%）,
123266,博士转债,148.695,300622,博士眼镜,3.75,3.75,2026-09-24,,2032-03-17,30.43,130,39.559,24.91,,0/15 | 30,如果公司股票在任何连续三十个交易日中至少十五个交易日的收盘价格不低于当期转股价格的 130%（含 130%）；,
123267,珂玛转债,100.0,301611,珂玛科技,7.5,7.5,2026-10-22,,2032-04-15,97.57,130,126.841,107.0,,0/15 | 30,如果公司股票在任意连续三十个交易日中至少十五个交易日的收盘价格不低于当期转股价格的 130%（含 130%）；,
113702,斯达转债,100.0,603290,斯达半导,15.0,15.0,2026-10-22,,2032-04-15,105.3,130,136.89,111.08,,0/15 | 30,公司股票连续三十个交易日中至少有十五个交易日的收盘价格不低于当期转股价格的 130%（含 130%）,
123268,本川转债,100.0,300964,本川智能,4.69,4.69,2026-10-23,,2032-04-16,75.88,130,98.644,71.58,,0/15 | 30,如果公司A 股股票在任何连续三十个交易日中至少十五个交易日的收盘价格不低于当期转股价格的130%（含130%）,
123269,金杨转债,100.0,301210,金杨精密,9.8,9.8,2026-10-26,,2032-04-19,39.8,130,51.74,36.0,,0/15 | 30,如果公司股票在连续三十个交易日中至少十五个交易日的收盘价格不低于当期转股价格的 130%（含 130%）；,
127053,豪美转债,228.003,002988,豪美新材,8.24,2.581,2022-07-28,,2028-01-24,17.23,130,22.399,34.88,,0/15 | 30,如果公司股票在任何连续三十个交易日中至少十五个交易日的收盘价格不低于当期转股价格的 130%（含 130%）,公告不强赎
127084,柳工转2,142.068,000528,柳工,30.0,24.81,2023-10-09,,2029-03-27,7.3,130,9.49,9.87,,0/15 | 30,如果公司股票连续三十个交易日中至少有十五个交易日的收盘价不低于当期转股价格的130%（含）,公告不强赎
123243,严牌转债,221.01,301081,严牌股份,4.679,3.041,2025-01-16,,2030-07-10,7.27,130,9.451,16.03,,0/15 | 30,如果公司股票在连续三十个交易日中至少十五个交易日的收盘价格不低于当期转股价格的 130%（含 130%）,公告不强赎
113695,华辰转债,149.374,603097,江苏华辰,4.6,4.597,2025-12-26,,2031-06-20,23.48,130,30.524,27.23,,0/15 | 30,如果公司股票在任何连续三十个交易日中至少有十五个交易日的收盘价格不低于当期转股价格的130%（含130%）,公告不强赎
111023,利柏转债,151.909,605167,利柏特,7.5,7.496,2026-01-09,,2031-07-03,12.14,130,15.782,16.97,,0/15 | 30,如果公司股票连续30 个交易日中至少有 15 个交易日的收盘价格不低于当期转股价格的130%（含130%）,公告不强赎
123118,惠城转债,536.0,300779,惠城环保,3.2,0.657,2022-01-13,,2027-07-07,14.59,130,18.967,70.25,,0/15 | 30,如果公司股票在任何连续三十个交易日中至少有十五个交易日的收盘价格不低于当期转股价格的 130%(含 130%),公告不强赎
113686,泰瑞转债,168.102,603289,泰瑞机器,3.378,3.364,2025-01-08,,2030-07-02,8.15,130,10.595,11.67,,0/15 | 30,如果公司股票连续三十个交易日中至少有十五个交易日的收盘价格不低于当期转股价格的 130%（含 130%）,公告不强赎
123160,泰福转债,179.59,300992,泰福泵业,3.349,2.315,2023-04-11,,2028-09-28,19.77,130,25.701,30.93,,0/15 | 30,如果公司股票在连续 30 个交易日中至少 15 个交易日的收盘价格不低于当期转股价格的 130%（含 130%）,公告不强赎
113646,永吉转债,163.478,603058,永吉股份,1.459,1.372,2022-10-20,,2028-04-14,8.05,130,10.465,10.39,,0/15 | 30,公司股票在任何连续三十个交易日中至少有十五个交易日的收盘价格不低于当期转股价格的 130%（含 130%）,公告不强赎
113673,岱美转债,172.039,603730,岱美股份,9.079,9.079,2024-01-24,,2029-07-18,7.37,130,9.581,10.56,,0/15 | 30,如果公司股票连续三十个交易日中至少有十五个交易日的收盘价不低于当期转股价格的 130%（含 130%）,公告不强赎
128137,洁美转债,196.686,002859,洁美科技,6.0,5.909,2021-05-10,,2026-11-04,26.46,130,34.398,48.85,,0/15 | 30,如果公司股票在任意连续30个交易日中至少有15个交易日的收盘价格不低于当期转股价格的130%(含),公告不强赎
127104,姚记转债,150.8,002605,姚记科技,5.831,5.823,2024-07-31,,2030-01-24,20.06,130,26.078,19.11,,0/15 | 30,如果公司股票在任何连续三十个交易日中至少有十五个交易日的收盘价格不低于当期转股价格的 130%（含130%）；,公告不强赎
118016,京源转债,153.37,688096,京源环保,3.325,1.675,2023-02-13,,2028-08-05,6.91,130,8.983,8.26,,0/15 | 30,如果公司 A 股股票连续三十个交易日中至少有十五个交易日的收盘价不低于当期转股价格的130%（含130%），,公告不强赎
110095,双良转债,137.782,600481,双良节能,26.0,14.006,2024-02-19,,2029-08-08,6.18,130,8.034,6.04,,0/15 | 30,如果公司股票在连续三十个交易日中至少十五个交易日的收盘价格不低于当期转股价格的 130%（含 130%）,公告不强赎
118051,皓元转债,229.025,688131,皓元医药,8.223,8.218,2025-06-04,,2030-11-28,40.47,130,52.611,73.0,,0/15 | 30,如果公司股票连续三十个交易日中至少有十五个交易日的收盘价格不低于当期转股价格的 130%（含 130%）,公告不强赎
123131,奥飞转债,281.666,300738,奥飞数据,6.35,3.161,2022-06-09,,2027-12-03,10.06,130,13.078,23.35,,0/15 | 30,如果公司股票在任意连续三十个交易日中至少有十五个交易日的收盘价格不低于当期转股价格的130%（含130%）,公告不强赎
127078,优彩转债,168.6,002998,优彩资源,6.0,4.159,2023-06-20,,2028-12-14,6.48,130,8.424,9.3,,0/15 | 30,如果公司股票在连续三十个交易日中至少十五个交易日的收盘价格不低于当期转股价格的 130%（含 130%）；,公告不强赎
113058,友发转债,142.155,601686,友发集团,20.0,18.638,2022-10-10,,2028-03-30,4.48,130,5.824,5.57,,0/15 | 30,如果本公司A股股票连续30个交易日中至少有15个交易日的收盘价格不低于当期转股价格的130%（含130%）,公告不强赎
123235,亿田转债,195.618,300911,亿田智能,5.202,4.354,2024-06-27,,2029-12-21,21.31,130,27.703,32.78,,0/15 | 30,如果公司股票在任何连续三十个交易日中至少十五个交易日的收盘价格不低于当期转股价格的 130%（含 130%）；,公告不强赎
127079,华亚转债,218.5,003043,华亚智能,3.4,3.106,2023-06-26,,2028-12-16,30.73,130,39.949,55.22,,0/15 | 30,如果公司 A 股股票连续三十个交易日中至少有十五个交易日的收盘价不低于当期转股价格的 130%（含 130%）,公告不强赎
123207,冠中转债,199.166,300948,冠中生态,4.0,1.83,2024-01-29,,2029-07-21,10.44,130,13.572,19.66,,0/15 | 30,如果公司股票连续三十个交易日中至少有十五个交易日的收盘价格不低于当期转股价格的 130%（含 130%）,公告不强赎
127037,银轮转债,567.7,002126,银轮股份,7.0,5.055,2021-12-13,,2027-06-07,10.39,130,13.507,45.1,,0/15 | 30,如果公司股票在任何连续三十个交易日中至少十五个交易日 的收盘价格不低于当期转股价格的 130%(含 130%),公告不强赎
118050,航宇转债,300.565,688239,航宇科技,6.67,6.667,2025-02-27,,2030-08-21,24.96,130,32.448,59.05,,0/15 | 30,如果公司 A 股股票连续三十个交易日中至少有十五个交易日的收盘价不低于当期转股价格的 130%（含 130%）,公告不强赎
123245,集智转债,285.5,300553,集智股份,2.546,1.538,2025-02-20,,2030-08-14,18.11,130,23.543,44.05,,0/15 | 30,如果公司 A 股股票在任意连续 30 个交易日中至少 15 个交易日的收盘价格不低于当期转股价格的 130%（含 130%）,公告不强赎
127082,亚科转债,147.0,002540,亚太科技,11.59,11.585,2023-09-15,,2029-03-09,5.29,130,6.877,6.07,,0/15 | 30,如果公司股票在任何连续三十个交易日中至少十五个交易日的收盘价格不低于当期转股价格的 130%（含 130%）,公告不强赎
127096,泰坦转债,285.0,003036,泰坦股份,2.955,2.917,2024-05-06,,2029-10-25,13.27,130,17.251,33.83,,0/15 | 30,如果公司 A 股股票连续 30 个交易日中至少有 15 个交易日的收盘价格不低于当期转股价格的 130%（含 130%）；,公告不强赎
123224,宇邦转债,152.168,301266,宇邦新材,5.0,2.848,2024-03-25,,2029-09-19,36.82,130,47.866,41.28,,0/15 | 30,如果公司股票在连续三十个交易日中至少十五个交易日的收盘价格不低于当期转股价格的 130%（含 130%）；,公告不强赎
132024,26江铜EB,132.426,600362,江西铜业,50.0,50.0,2027-04-09,,2031-04-09,53.0,120,63.6,44.28,,0/15 | 30,在本期可交换债换股期内，如果江铜股份 A 股股票连续三十个交易日中至少有十五个交易日的收盘价格不低于当期换股价格的 120%（含 120%），公司有权按照本期可交换债面值加当期应计利息的价格赎回全部未换股的本期可交换债。本期可交换债的赎回期与换股期相同，即发行结束之日满十二个月后的第一个交易日起至可交换债到期日前一交易日止。,
110074,精达转债,425.769,600577,精达股份,7.87,2.637,2021-02-25,,2026-08-19,3.32,130,4.316,12.22,,0/15 | 30,如果公司股票连续三十个交易日中至少有十五个交易日的收盘价格不低于当期转股价格的130%(含 130%),公告不强赎
123222,博俊转债,170.061,300926,博俊科技,5.0,2.439,2024-03-14,,2029-09-08,16.68,130,21.684,22.06,,0/15 | 30,如果公司股票在任何连续三十个交易日中至少十五个交易日的收盘价格不低于当期转股价格的 130%（含 130%）,公告不强赎
123251,华医转债,262.373,301235,华康洁净,7.5,7.012,2025-06-27,,2030-12-23,22.43,130,29.159,49.1,,0/15 | 30,如果公司股票连续三十个交易日中至少有十五个交易日的收盘价格不低于当期转股价格的 130%（含 130%）,公告不强赎
123247,万凯转债,312.576,301216,万凯新材,27.0,19.643,2025-02-24,,2030-08-16,11.3,130,14.69,29.07,,0/15 | 30,在本次可转债转股期内，如果公司股票连续三十个交易日中至少有十五个交易日的收盘价格不低于当期转股价格的 130%（含 130%），,公告不强赎
123188,水羊转债,196.309,300740,水羊股份,6.95,6.422,2023-10-11,,2029-04-04,13.54,130,17.602,24.85,,0/15 | 30,如果公司 A 股股票在任意连续三十个交易日中至少十五个交易日的收盘价格不低于当期转股价格的130%（含）,公告不强赎
111012,福新转债,374.341,605488,福莱新材,4.29,1.017,2023-07-10,,2029-01-04,11.22,130,14.586,32.34,,0/15 | 30,如果公司股票连续三十个交易日中至少有十五个交易日的收盘价不低于当期转股价格的 130%（含 130%）,公告不强赎
113677,华懋转债,329.669,603306,华懋科技,10.5,10.489,2024-03-20,,2029-09-14,33.74,130,43.862,92.23,,0/15 | 30,如果公司股票连续 30 个交易日中至少有 15 个交易日的收盘价格高于当期转股价格的 130%（含 130%）；,公告不强赎
123211,阳谷转债,175.717,300121,阳谷华泰,6.5,3.07,2024-02-02,,2029-07-27,9.28,130,12.064,12.55,,0/15 | 30,如果公司股票连续三十个交易日中至少有十五个交易日的收盘价不低于当期转股价格的 130%（含 130%）；,公告不强赎
110077,洪城转债,225.483,600461,洪城环境,18.0,6.685,2021-05-26,,2026-11-20,4.88,130,6.344,10.51,,0/15 | 30,如果公司股票在任何连续三十个交易日中至少十五个交易日的收盘价格不低于当期转股价格的 130%(含 130%),公告不强赎
123176,精测转2,293.8,300567,精测电子,12.76,12.753,2023-09-08,,2029-03-02,64.71,130,84.123,137.74,,0/15 | 30,如果公司股票在任意连续三十个交易日中至少十五个交易日的收盘价格不低于当期转股价格的130.00%（含）,公告不强赎
113697,应流转债,316.325,603308,应流股份,15.0,14.997,2026-03-25,,2031-09-19,30.47,130,39.611,76.47,,0/15 | 30,如果公司股票连续三十个交易日中至少有十五个交易日的收盘价格不低于当期转股价格的 130%（含130%）,公告不强赎
113667,春23转债,232.268,603890,春秋电子,5.7,5.699,2023-09-25,,2029-03-17,10.15,130,13.195,19.25,,0/15 | 30,如果公司股票连续三十个交易日中至少有十五个交易日的收盘价格不低于当期转股价格的130%（含130%）；,公告不强赎
123158,宙邦转债,227.0,300037,新宙邦,19.7,18.047,2023-03-30,,2028-09-26,40.55,130,52.715,66.51,,0/15 | 30,如果公司股票在任意连续三十个交易日中至少十五个交易日的收盘价格不低于当期转股价格的 130%（含 130%）,公告不强赎
118013,道通转债,209.797,688208,道通科技,12.8,12.796,2023-01-16,,2028-07-08,21.98,130,28.574,33.6,,0/15 | 30,如果公司股票在连续三十个交易日中至少十五个交易日的收盘价格不低于当期转股价格的 130%（含 130%）,公告不强赎
113678,中贝转债,186.483,603220,中贝通信,5.17,5.108,2024-04-25,,2029-10-19,20.54,130,26.702,29.23,,0/15 | 30,如果公司股票在连续三十个交易日内至少有十五个交易日的收盘价不低于当期转股价格的130%（含130%）；,公告不强赎
127067,恒逸转2,178.545,000703,恒逸石化,30.0,29.994,2023-01-30,,2028-07-21,10.37,130,13.481,15.83,,0/15 | 30,如果公司股票连续三十个交易日中至少有十五个交易日的收盘价格不低于当期转股价格的 130%（含 130%）,公告不强赎
118039,煜邦转债,154.677,688597,煜邦电力,4.108,4.104,2024-01-26,,2029-07-20,7.3,130,9.49,8.35,,0/15 | 30,如果公司股票连续三十个交易日中至少有十五个交易日的收盘价不低于当期转股价格的 130%（含 130%）,公告不强赎
123209,聚隆转债,191.95,300644,南京聚隆,2.185,1.673,2024-02-01,,2029-07-26,17.77,130,23.101,27.27,,0/15 | 30,如果公司 A 股股票在任意连续三十个交易日中至少十五个交易日的收盘价格不低于当期转股价格的 130%；,公告不强赎
118058,微导转债,285.682,688147,微导纳米,11.7,11.7,2026-02-12,,2031-08-06,33.57,130,43.641,69.49,,0/15 | 30,如果公司股票在任何连续三十个交易日中至少十五个交易日的收盘价格不低于当期转股价格的 130%（含 130%）,公告不强赎
127070,大中转债,541.743,001203,大中矿业,15.2,9.343,2023-02-23,,2028-08-17,10.76,130,13.988,46.64,,0/15 | 30,如果公司A股股票在任意连续三十个交易日中至少十五个交易日的收盘价格不低于当期转股价格的 130%（含 130%）,公告不强赎
123213,天源转债,239.3,301127,武汉天源,10.0,3.26,2024-02-05,,2029-07-28,7.14,130,9.282,14.11,,0/15 | 30,如果公司 A 股股票在任意连续三十个交易日中至少十五个交易日的收盘价格不低于当期转股价格的 130%（含 130%）；,公告不强赎
111000,起帆转债,218.221,605222,起帆电缆,10.0,9.992,2021-11-29,,2027-05-24,17.35,130,22.555,34.28,,0/15 | 30,如果公司A股股票连续30个交易日中至少有15个交易日的收盘价格不低于当期转股价格的130%(含130%),公告不强赎
127088,赫达转债,201.698,002810,山东赫达,6.0,5.996,2024-01-08,,2029-07-03,16.76,130,21.788,27.45,,0/15 | 30,如果公司股票在任何连续三十个交易日中至少十五个交易日的收盘价格不低于当期转股价格的 130%（含 130%）,公告不强赎
118044,赛特转债,204.1,688398,赛特新材,4.42,4.42,2024-03-15,,2029-09-11,18.9,130,24.57,31.86,,0/15 | 30,如果公司股票在连续三十个交易日中至少十五个交易日的收盘价格不低于当期转股价格的 130%（含 130%）,公告不强赎
127092,运机转债,312.038,001288,运机集团,7.3,5.25,2024-03-27,,2029-09-21,12.09,130,15.717,27.62,,0/15 | 30,如果公司股票在任何连续三十个交易日中至少十五个交易日的收盘价格不低于当期转股价格的 130%（含 130%）；,公告不强赎
113691,和邦转债,178.019,603077,和邦生物,46.0,45.991,2025-05-06,,2030-10-28,2.0,130,2.6,2.92,,0/15 | 30,如果公司股票在任意连续三十个交易日中至少有十五个交易日的收盘价格不低于当期转股价格的 130%（含）；,公告不强赎
127055,精装转债,173.658,002989,中天精装,5.77,2.081,2022-08-29,,2028-02-22,18.5,130,24.05,26.3,,0/15 | 30,"如果公司股票在任何连续三十个交易日中至少有十五个交易日的收盘价格不低于当期转股价格的 130%（含
130%）",公告不强赎
118030,睿创转债,446.986,688002,睿创微纳,15.647,12.622,2023-07-06,,2028-12-30,39.12,130,50.856,145.96,,0/15 | 30,如果公司 A 股股票在连续三十个交易日中至少十五个交易日的收盘价格不低于当期转股价格的 130%（含 130%）,公告不强赎
113039,嘉泽转债,233.743,601619,嘉泽新能,13.0,2.865,2021-03-01,,2026-08-24,2.91,130,3.783,5.83,,0/15 | 30,如果公司A股股票连续三十个交易日中至少有十五个交易日的收盘价不低于当期转股价格的130%(含 130%),公告不强赎
